opportunity_id,referrer_id,applicant_id,referrer_group,applicant_group,same_group,cross_group,link_exists,tie_strength,signal_quality,referrer_access,applicant_skill,observed_referral_probability,observed_referral,callback_probability,callback
O001,W057,W066,A,B,0,1,0,0.1428,0.5633,0.6353,0.1711,0.323,0,0.2806,
O002,W014,W070,A,A,1,0,0,0.5676,0.6625,0.6318,0.0385,0.4717,1,0.4584,0.0
O003,W024,W062,A,B,0,1,0,0.3245,0.2984,0.6299,-1.2411,0.3558,0,0.1618,
O004,W030,W044,A,A,1,0,0,0.98,0.7975,0.6353,-0.3621,0.5564,1,0.5184,1.0
O005,W065,W068,A,A,1,0,0,0.6281,0.8272,0.7227,0.2865,0.4963,1,0.5366,0.0
O006,W030,W038,A,B,0,1,0,0.4763,0.9498,0.6353,1.4304,0.3855,1,0.5309,1.0
O007,W024,W018,A,B,0,1,0,0.1118,0.5515,0.6299,-0.6488,0.3169,0,0.2226,
O008,W023,W019,A,A,1,0,0,0.9668,0.9229,0.6412,0.295,0.5545,1,0.6084,1.0
O009,W030,W019,A,A,1,0,1,0.7357,0.6318,0.6353,0.295,0.8287,1,0.4927,0.0
O010,W046,W019,B,A,0,1,0,0.6296,0.6832,0.6458,0.295,0.417,1,0.425,1.0
O011,W058,W044,A,A,1,0,0,0.4513,0.3264,0.683,-0.3621,0.4548,1,0.3172,0.0
O012,W022,W047,A,B,0,1,0,0.7615,0.5678,0.7786,-0.2352,0.4613,0,0.3202,
O013,W045,W063,B,B,1,0,0,0.5412,0.4506,0.6479,0.2183,0.4684,0,0.3604,
O014,W024,W013,A,B,0,1,0,0.5205,0.609,0.6299,-0.0652,0.3934,0,0.3163,
O015,W068,W001,A,A,1,0,1,0.8923,0.6609,0.6369,0.0036,0.8463,1,0.4971,0.0
O016,W015,W043,A,A,1,0,0,0.816,0.7257,0.6335,-0.7976,0.5228,1,0.4388,0.0
O017,W014,W015,A,A,1,0,0,0.7113,0.6029,0.6318,-0.5058,0.5011,0,0.4137,
O018,W065,W016,A,B,0,1,0,0.5087,0.6435,0.7227,0.7667,0.4031,0,0.3887,
O019,W012,W024,A,A,1,0,0,0.6315,0.639,0.6642,-0.1903,0.4891,0,0.4404,
O020,W054,W002,A,A,1,0,1,0.98,0.9593,0.7587,0.9833,0.8633,1,0.6737,1.0
O021,W015,W042,A,B,0,1,1,0.521,0.7754,0.6335,0.4482,0.7539,1,0.4022,0.0
O022,W046,W025,B,A,0,1,0,0.218,0.5216,0.6458,-0.1485,0.3379,0,0.2971,
O023,W024,W055,A,A,1,0,0,0.5503,0.6035,0.6299,-0.0112,0.4679,0,0.4345,
O024,W046,W055,B,A,0,1,0,0.2417,0.3855,0.6458,-0.0112,0.3423,1,0.2758,0.0
O025,W030,W014,A,A,1,0,0,0.818,0.7848,0.6353,0.1776,0.5234,1,0.5393,0.0
O026,W065,W057,A,A,1,0,0,0.7323,0.8685,0.7227,0.2907,0.5177,0,0.5626,
O027,W021,W032,A,B,0,1,0,0.4466,0.6329,0.7277,0.0421,0.3915,0,0.3221,
O028,W069,W023,A,A,1,0,1,0.8306,0.7837,0.6442,0.8289,0.8401,1,0.5949,0.0
O029,W045,W047,B,B,1,0,1,0.5988,0.6627,0.6479,-0.2352,0.8132,0,0.3909,
O030,W030,W038,A,B,0,1,0,0.501,0.98,0.6353,1.4304,0.3903,0,0.5431,
O031,W021,W011,A,A,1,0,0,0.98,0.7196,0.7277,-0.5965,0.5687,1,0.4751,1.0
O032,W024,W030,A,A,1,0,0,0.4716,0.8707,0.6299,1.0245,0.4519,0,0.5911,
O033,W065,W008,A,B,0,1,1,0.3838,0.7145,0.7227,0.4683,0.7417,1,0.3696,1.0
O034,W068,W029,A,B,0,1,0,0.4709,0.6252,0.6369,0.3466,0.3846,0,0.3459,
O035,W015,W012,A,A,1,0,1,0.98,0.7104,0.6335,0.3241,0.8552,1,0.5504,0.0
O036,W058,W064,A,A,1,0,0,0.54,0.8443,0.683,0.4519,0.4729,1,0.5443,0.0
O037,W023,W022,A,A,1,0,0,0.4365,0.739,0.6412,0.3044,0.4463,1,0.4868,0.0
O038,W058,W029,A,B,0,1,0,0.418,0.5782,0.683,0.3466,0.3803,0,0.3272,
O039,W012,W021,A,A,1,0,0,0.5687,0.7314,0.6642,1.6777,0.4763,0,0.6163,
O040,W021,W031,A,A,1,0,0,0.8242,0.8054,0.7277,0.288,0.5371,0,0.5555,
O041,W068,W029,A,B,0,1,0,0.5813,0.7661,0.6369,0.3466,0.4063,0,0.3988,
O042,W057,W031,A,A,1,0,0,0.5533,0.7227,0.6353,0.288,0.4692,1,0.4957,1.0
O043,W068,W024,A,A,1,0,1,0.8406,0.7985,0.6369,-0.1903,0.8407,1,0.5152,0.0
O044,W023,W028,A,A,1,0,0,0.576,0.5784,0.6412,-0.1671,0.4747,1,0.4174,0.0
O045,W065,W046,A,B,0,1,0,0.3813,0.508,0.7227,0.0585,0.3782,0,0.2845,
O046,W057,W025,A,A,1,0,1,0.6743,0.7944,0.6353,-0.1485,0.8214,1,0.4959,0.0
O047,W065,W059,A,A,1,0,0,0.4267,0.5855,0.7227,-0.0803,0.4552,0,0.4079,
O048,W045,W022,B,A,0,1,0,0.4686,0.4212,0.6479,0.3044,0.3856,1,0.3324,0.0
O049,W014,W020,A,B,0,1,0,0.3689,0.1719,0.6318,-0.7096,0.3644,0,0.1689,
O050,W023,W068,A,A,1,0,0,0.98,0.9144,0.6412,0.2865,0.5572,0,0.6069,
O051,W054,W022,A,A,1,0,0,0.6243,0.6977,0.7587,0.3044,0.5004,1,0.4989,0.0
O052,W058,W024,A,A,1,0,0,0.8604,0.8062,0.683,-0.1903,0.5385,1,0.52,0.0
O053,W058,W040,A,A,1,0,1,0.6815,0.8649,0.683,0.2694,0.826,1,0.5533,1.0
O054,W014,W042,A,B,0,1,1,0.7479,0.6274,0.6318,0.4482,0.7866,1,0.388,0.0
O055,W068,W070,A,A,1,0,1,0.7761,0.9174,0.6369,0.0385,0.8335,0,0.5616,
O056,W022,W027,A,A,1,0,0,0.4604,0.685,0.7786,0.5943,0.4695,0,0.4984,
O057,W065,W052,A,A,1,0,0,0.7791,0.7742,0.7227,-0.38,0.5273,0,0.4837,
O058,W030,W071,A,A,1,0,1,0.9248,0.98,0.6353,2.0341,0.8496,1,0.7462,1.0
O059,W022,W041,A,B,0,1,0,0.8673,0.9719,0.7786,0.7818,0.4829,0,0.5332,
O060,W054,W001,A,A,1,0,1,0.98,0.7266,0.7587,0.0036,0.8633,1,0.5281,0.0
O061,W054,W020,A,B,0,1,0,0.3104,0.2352,0.7587,-0.7096,0.3692,0,0.1754,
O062,W014,W006,A,A,1,0,0,0.9026,0.6247,0.6318,0.269,0.5402,0,0.5101,
O063,W024,W008,A,B,0,1,0,0.3617,0.6435,0.6299,0.4683,0.3628,1,0.3474,0.0
O064,W012,W062,A,B,0,1,0,0.3231,0.2459,0.6642,-1.2411,0.3598,0,0.1533,
O065,W045,W046,B,B,1,0,0,0.6544,0.6025,0.6479,0.0585,0.4916,0,0.4045,
O066,W022,W029,A,B,0,1,0,0.3485,0.4547,0.7786,0.3466,0.379,1,0.288,0.0
O067,W030,W058,A,A,1,0,0,0.3813,0.2632,0.6353,-0.8597,0.4343,0,0.2596,
O068,W023,W069,A,A,1,0,1,0.915,0.9222,0.6412,1.3395,0.849,1,0.6831,0.0
O069,W046,W062,B,B,1,0,0,0.6341,0.3145,0.6458,-1.2411,0.4872,1,0.2342,0.0
O070,W014,W023,A,A,1,0,0,0.6456,0.7556,0.6318,0.8289,0.4877,0,0.5632,
O071,W024,W014,A,A,1,0,1,0.9439,0.6574,0.6299,0.1776,0.8512,1,0.5175,0.0
O072,W058,W011,A,A,1,0,0,0.4584,0.3664,0.683,-0.5965,0.4563,0,0.3111,
O073,W021,W040,A,A,1,0,1,0.6997,0.8048,0.7277,0.2694,0.8316,1,0.5377,1.0
O074,W022,W062,A,B,0,1,0,0.1254,0.1503,0.7786,-1.2411,0.337,0,0.1272,
O075,W030,W001,A,A,1,0,1,0.4861,0.5723,0.6353,0.0036,0.7976,1,0.4184,0.0
O076,W023,W026,A,B,0,1,0,0.2468,0.5978,0.6412,0.1309,0.3427,0,0.2974,
O077,W021,W025,A,A,1,0,0,0.98,0.872,0.7277,-0.1485,0.5687,0,0.5586,
O078,W045,W003,B,A,0,1,0,0.7237,0.98,0.6479,1.1595,0.4362,1,0.5979,1.0
O079,W022,W037,A,B,0,1,0,0.5555,0.4327,0.7786,-0.825,0.4197,0,0.2275,
O080,W054,W034,A,A,1,0,0,0.6397,0.6112,0.7587,0.1558,0.5036,0,0.4623,
O081,W057,W007,A,B,0,1,0,0.5444,0.6957,0.6353,0.3292,0.3988,0,0.3728,
O082,W022,W060,A,A,1,0,0,0.5709,0.6057,0.7786,0.2333,0.4921,1,0.4584,0.0
O083,W022,W030,A,A,1,0,1,0.678,0.8139,0.7786,1.0245,0.8329,1,0.6005,1.0
O084,W058,W060,A,A,1,0,0,0.9125,0.98,0.683,0.2333,0.5491,1,0.613,1.0
O085,W012,W037,A,B,0,1,0,0.1958,0.1461,0.6642,-0.825,0.3361,1,0.1476,0.0
O086,W069,W025,A,A,1,0,0,0.7002,0.536,0.6442,-0.1485,0.5005,0,0.4223,
O087,W014,W038,A,B,0,1,0,0.6041,0.6385,0.6318,1.4304,0.4101,1,0.4543,0.0
O088,W015,W045,A,B,0,1,0,0.5062,0.7552,0.6335,0.5582,0.3911,0,0.4035,
O089,W022,W012,A,A,1,0,1,0.98,0.8757,0.7786,0.3241,0.8646,0,0.5988,
O090,W045,W065,B,A,0,1,0,0.3601,0.8539,0.6479,0.7465,0.3647,0,0.4789,
O091,W022,W040,A,A,1,0,0,0.5301,0.6123,0.7786,0.2694,0.4838,0,0.4581,
O092,W021,W030,A,A,1,0,0,0.7082,0.8475,0.7277,1.0245,0.5134,0,0.6139,
O093,W065,W029,A,B,0,1,0,0.9731,0.7451,0.7227,0.3466,0.4971,0,0.4423,
O094,W023,W047,A,B,0,1,0,0.6992,0.7408,0.6412,-0.2352,0.4304,0,0.3595,
O095,W069,W042,A,B,0,1,1,0.7234,0.5829,0.6442,0.4482,0.7843,0,0.3724,
O096,W054,W010,A,B,0,1,0,0.3438,0.2928,0.7587,-1.6016,0.3756,1,0.1462,1.0
O097,W030,W021,A,A,1,0,0,0.7388,0.7937,0.6353,1.6777,0.5072,0,0.6541,
O098,W046,W030,B,A,0,1,0,0.2146,0.5442,0.6458,1.0245,0.3373,1,0.3924,1.0
O099,W058,W050,A,A,1,0,0,0.4755,0.8232,0.683,0.0992,0.4598,0,0.4997,
O100,W046,W066,B,B,1,0,0,0.5444,0.5795,0.6458,0.1711,0.4688,1,0.3933,1.0
O101,W023,W011,A,A,1,0,0,0.6631,0.5616,0.6412,-0.5965,0.4925,1,0.3884,0.0
O102,W069,W049,A,A,1,0,0,0.98,0.5852,0.6442,-0.5757,0.5576,0,0.4369,
O103,W022,W019,A,A,1,0,0,0.4836,0.8325,0.7786,0.295,0.4743,0,0.5202,
O104,W045,W054,B,A,0,1,0,0.8141,0.8724,0.6479,0.7534,0.4545,0,0.544,
O105,W021,W043,A,A,1,0,0,0.7472,0.4259,0.7277,-0.7976,0.5214,0,0.3449,
O106,W057,W015,A,A,1,0,1,0.98,0.7001,0.6353,-0.5058,0.8553,1,0.477,0.0
O107,W014,W067,A,A,1,0,0,0.8083,0.5385,0.6318,-0.9274,0.521,0,0.3731,
O108,W014,W050,A,A,1,0,0,0.8977,0.7193,0.6318,0.0992,0.5392,1,0.5234,0.0
O109,W024,W009,A,A,1,0,0,0.4354,0.5638,0.6299,0.2279,0.4445,0,0.4281,
O110,W030,W066,A,B,0,1,0,0.3239,0.549,0.6353,0.1711,0.3563,0,0.2964,
O111,W054,W036,A,B,0,1,1,0.7251,0.8621,0.7587,-0.1461,0.7948,1,0.4042,0.0
O112,W054,W023,A,A,1,0,1,0.98,0.9337,0.7587,0.8289,0.8633,1,0.6552,1.0
O113,W030,W050,A,A,1,0,0,0.701,0.7223,0.6353,0.0992,0.4995,1,0.4987,1.0
O114,W069,W007,A,B,0,1,0,0.9483,0.9563,0.6442,0.3292,0.4814,1,0.5006,0.0
O115,W058,W019,A,A,1,0,0,0.5498,0.5186,0.683,0.295,0.4749,0,0.435,
O116,W022,W033,A,B,0,1,0,0.5346,0.6522,0.7786,0.1437,0.4155,1,0.3451,0.0
O117,W065,W056,A,B,0,1,0,0.3781,0.5948,0.7227,0.6445,0.3776,0,0.3497,
O118,W054,W070,A,A,1,0,0,0.7529,0.7594,0.7587,0.0385,0.5267,0,0.5115,
O119,W054,W029,A,B,0,1,0,0.5573,0.6227,0.7587,0.3466,0.4174,1,0.3555,1.0
O120,W012,W064,A,A,1,0,0,0.6083,0.9101,0.6642,0.4519,0.4844,0,0.5725,
O121,W069,W011,A,A,1,0,0,0.6704,0.7264,0.6442,-0.5965,0.4944,0,0.4372,
O122,W021,W046,A,B,0,1,0,0.4032,0.4395,0.7277,0.0585,0.3831,1,0.2703,0.0
O123,W054,W051,A,A,1,0,0,0.4226,0.4285,0.7587,0.1013,0.4592,1,0.3772,1.0
O124,W023,W064,A,A,1,0,0,0.8085,0.9354,0.6412,0.4519,0.5223,1,0.605,0.0
O125,W022,W025,A,A,1,0,0,0.6831,0.706,0.7786,-0.1485,0.5152,0,0.4705,
O126,W054,W041,A,B,0,1,0,0.4486,0.9261,0.7587,0.7818,0.3959,0,0.4652,
O127,W058,W065,A,A,1,0,0,0.7428,0.8819,0.683,0.7465,0.5145,1,0.6055,1.0
O128,W024,W056,A,B,0,1,0,0.1781,0.4974,0.6299,0.6445,0.3288,0,0.3013,
O129,W014,W055,A,A,1,0,0,0.579,0.6085,0.6318,-0.0112,0.474,0,0.4397,
O130,W069,W023,A,A,1,0,1,0.7718,0.9517,0.6442,0.8289,0.8335,1,0.6353,0.0
O131,W045,W052,B,A,0,1,0,0.6493,0.6195,0.6479,-0.38,0.4212,0,0.3548,
O132,W012,W047,A,B,0,1,1,0.7108,0.6598,0.6642,-0.2352,0.7844,0,0.3388,
O133,W015,W009,A,A,1,0,0,0.6676,0.9031,0.6335,0.2279,0.4924,0,0.5593,
O134,W014,W033,A,B,0,1,0,0.5539,0.7915,0.6318,0.1437,0.4002,1,0.3862,0.0
O135,W014,W065,A,A,1,0,0,0.98,0.8579,0.6318,0.7465,0.556,0,0.6278,
O136,W058,W036,A,B,0,1,0,0.3823,0.7401,0.683,-0.1461,0.3734,1,0.329,1.0
O137,W045,W059,B,A,0,1,0,0.4038,0.5449,0.6479,-0.0803,0.3731,0,0.3288,
O138,W065,W053,A,B,0,1,0,0.4908,0.5929,0.7227,-0.1309,0.3996,0,0.3041,
O139,W057,W041,A,B,0,1,0,0.3397,0.6066,0.6353,0.7818,0.3593,0,0.359,
O140,W058,W055,A,A,1,0,0,0.7916,0.7045,0.683,-0.0112,0.5245,0,0.4958,
O141,W068,W049,A,A,1,0,0,0.8011,0.6112,0.6369,-0.5757,0.5202,1,0.4217,1.0
O142,W058,W005,A,A,1,0,0,0.9341,0.6885,0.683,-1.0331,0.5535,0,0.4233,
O143,W015,W019,A,A,1,0,1,0.8474,0.7988,0.6335,0.295,0.8412,1,0.5571,1.0
O144,W069,W013,A,B,0,1,1,0.9795,0.8977,0.6442,-0.0652,0.8177,0,0.4537,
O145,W045,W054,B,A,0,1,0,0.8578,0.828,0.6479,0.7534,0.4634,0,0.5364,
O146,W046,W011,B,A,0,1,0,0.5142,0.3164,0.6458,-0.5965,0.3942,0,0.2487,
O147,W069,W039,A,A,1,0,0,0.6465,0.6336,0.6442,-0.3026,0.4895,1,0.4313,0.0
O148,W046,W042,B,B,1,0,0,0.5628,0.5837,0.6458,0.4482,0.4726,0,0.4196,
O149,W030,W005,A,A,1,0,0,0.8332,0.3621,0.6353,-1.0331,0.5265,1,0.3201,0.0
O150,W068,W032,A,B,0,1,0,0.5421,0.6624,0.6369,0.0421,0.3985,1,0.341,0.0
O151,W069,W026,A,B,0,1,0,0.4274,0.641,0.6442,0.1309,0.3771,0,0.3287,
O152,W021,W049,A,A,1,0,0,0.6481,0.5738,0.7277,-0.5757,0.5011,1,0.3917,0.0
O153,W024,W038,A,B,0,1,0,0.2548,0.8109,0.6299,1.4304,0.3428,0,0.4606,
O154,W068,W052,A,A,1,0,0,0.8109,0.7276,0.6369,-0.38,0.5222,0,0.4739,
O155,W057,W068,A,A,1,0,1,0.98,0.8614,0.6353,0.2865,0.8553,1,0.5916,1.0
O156,W068,W005,A,A,1,0,0,0.9425,0.6974,0.6369,-1.0331,0.549,0,0.427,
O157,W022,W030,A,A,1,0,1,0.7173,0.9496,0.7786,1.0245,0.8373,1,0.6436,0.0
O158,W014,W060,A,A,1,0,1,0.9069,0.6513,0.6318,0.2333,0.8475,1,0.5156,1.0
O159,W065,W062,A,B,0,1,0,0.6268,0.5039,0.7227,-1.2411,0.4266,0,0.2242,
O160,W023,W065,A,A,1,0,0,0.5723,0.8891,0.6412,0.7465,0.4739,0,0.5862,
O161,W021,W015,A,A,1,0,0,0.549,0.5662,0.7277,-0.5058,0.4808,1,0.3829,1.0
O162,W068,W011,A,A,1,0,0,0.6332,0.6887,0.6369,-0.5965,0.4858,0,0.4214,
O163,W069,W029,A,B,0,1,1,0.98,0.772,0.6442,0.3466,0.8178,1,0.4511,0.0
O164,W023,W001,A,A,1,0,0,0.5436,0.6456,0.6412,0.0036,0.4681,1,0.4474,0.0
O165,W054,W014,A,A,1,0,0,0.6802,0.8984,0.7587,0.1776,0.5119,0,0.5553,
O166,W065,W041,A,B,0,1,1,0.7838,0.6602,0.7227,0.7818,0.7995,0,0.4294,
O167,W058,W004,A,A,1,0,1,0.98,0.8354,0.683,1.0548,0.8584,1,0.6458,1.0
O168,W030,W013,A,B,0,1,0,0.2663,0.6752,0.6353,-0.0652,0.3456,1,0.305,1.0
O169,W023,W045,A,B,0,1,0,0.4511,0.4636,0.6412,0.5582,0.3813,0,0.3166,
O170,W014,W050,A,A,1,0,0,0.8587,0.7206,0.6318,0.0992,0.5313,0,0.5187,
O171,W023,W042,A,B,0,1,0,0.8414,0.9393,0.6412,0.4482,0.4591,0,0.4918,
O172,W054,W013,A,B,0,1,1,0.6568,0.9305,0.7587,-0.0652,0.7855,1,0.4221,1.0
O173,W021,W014,A,A,1,0,0,0.4626,0.4854,0.7277,0.1776,0.4631,1,0.4046,1.0
O174,W030,W035,A,B,0,1,0,0.2752,0.6545,0.6353,0.7936,0.3472,1,0.3655,0.0
O175,W045,W001,B,A,0,1,1,0.705,0.6236,0.6479,0.0036,0.7821,1,0.3932,0.0
O176,W012,W070,A,A,1,0,0,0.7096,0.7492,0.6642,0.0385,0.5051,0,0.5028,
O177,W030,W053,A,B,0,1,0,0.2289,0.3339,0.6353,-0.1309,0.3387,0,0.2184,
O178,W022,W047,A,B,0,1,0,0.7297,0.9182,0.7786,-0.2352,0.4548,0,0.4137,
O179,W065,W059,A,A,1,0,0,0.3951,0.4947,0.7227,-0.0803,0.4487,0,0.378,
O180,W023,W054,A,A,1,0,1,0.9702,0.821,0.6412,0.7534,0.8547,1,0.6168,1.0
O181,W046,W001,B,A,0,1,1,0.7615,0.5969,0.6458,0.0036,0.7897,1,0.3926,1.0
O182,W058,W050,A,A,1,0,0,0.4737,0.7121,0.683,0.0992,0.4594,1,0.4662,1.0
O183,W012,W014,A,A,1,0,0,0.9062,0.821,0.6642,0.1776,0.5453,1,0.5614,0.0
O184,W012,W018,A,B,0,1,0,0.4316,0.3508,0.6642,-0.6488,0.3805,0,0.2099,
O185,W022,W047,A,B,0,1,0,0.801,0.7209,0.7786,-0.2352,0.4694,0,0.3663,
O186,W022,W045,A,B,0,1,0,0.4837,0.5884,0.7786,0.5582,0.4054,0,0.3537,
O187,W021,W037,A,B,0,1,0,0.5717,0.6135,0.7277,-0.825,0.4162,0,0.2695,
O188,W069,W017,A,A,1,0,0,0.7395,0.6304,0.6442,-0.2193,0.5086,1,0.4493,0.0
O189,W014,W055,A,A,1,0,0,0.5941,0.6228,0.6318,-0.0112,0.4771,1,0.4458,0.0
O190,W012,W051,A,A,1,0,0,0.8147,0.7994,0.6642,0.1013,0.5267,1,0.5368,1.0
O191,W069,W032,A,B,0,1,0,0.5299,0.4374,0.6442,0.0421,0.3971,1,0.2819,1.0
O192,W068,W049,A,A,1,0,0,0.8069,0.6932,0.6369,-0.5757,0.5214,0,0.4466,
O193,W030,W014,A,A,1,0,0,0.9098,0.7809,0.6353,0.1776,0.5422,0,0.55,
O194,W024,W054,A,A,1,0,0,0.6865,0.7833,0.6299,0.7534,0.4958,0,0.5703,
O195,W065,W056,A,B,0,1,0,0.4102,0.4956,0.7227,0.6445,0.3838,0,0.3268,
O196,W012,W022,A,A,1,0,1,0.98,0.6796,0.6642,0.3044,0.8572,1,0.5396,1.0
O197,W057,W023,A,A,1,0,0,0.5753,0.5758,0.6353,0.8289,0.4737,0,0.5005,
O198,W023,W026,A,B,0,1,0,0.2913,0.3064,0.6412,0.1309,0.3509,0,0.2339,
O199,W012,W047,A,B,0,1,1,0.7939,0.6724,0.6642,-0.2352,0.7957,1,0.352,0.0
O200,W022,W011,A,A,1,0,0,0.9663,0.7419,0.7786,-0.5965,0.5727,1,0.48,0.0
O201,W054,W031,A,A,1,0,0,0.6064,0.7483,0.7587,0.288,0.4967,0,0.5103,
O202,W021,W029,A,B,0,1,0,0.4659,0.6736,0.7277,0.3466,0.3953,1,0.3586,1.0
O203,W068,W048,A,A,1,0,0,0.7329,0.7915,0.6369,0.8592,0.5062,1,0.5874,1.0
O204,W023,W060,A,A,1,0,0,0.9391,0.6865,0.6412,0.2333,0.5489,1,0.5303,1.0
O205,W023,W040,A,A,1,0,0,0.7104,0.6858,0.6412,0.2694,0.5022,0,0.5035,
O206,W054,W003,A,A,1,0,0,0.7566,0.8882,0.7587,1.1595,0.5275,1,0.6419,0.0
O207,W054,W023,A,A,1,0,1,0.98,0.98,0.7587,0.8289,0.8633,1,0.6676,1.0
O208,W021,W043,A,A,1,0,0,0.8025,0.4543,0.7277,-0.7976,0.5327,1,0.3592,1.0
O209,W045,W002,B,A,0,1,0,0.4054,0.5995,0.6479,0.9833,0.3734,1,0.4291,0.0
O210,W057,W019,A,A,1,0,0,0.3407,0.7983,0.6353,0.295,0.4262,0,0.4914,
O211,W021,W062,A,B,0,1,0,0.7677,0.5347,0.7277,-1.2411,0.4557,1,0.244,0.0
O212,W057,W015,A,A,1,0,1,0.9312,0.8772,0.6353,-0.5058,0.8503,1,0.5237,0.0
O213,W012,W022,A,A,1,0,1,0.98,0.7264,0.6642,0.3044,0.8572,1,0.5535,0.0
O214,W014,W026,A,B,0,1,0,0.5784,0.4803,0.6318,0.1309,0.405,0,0.304,
O215,W045,W019,B,A,0,1,0,0.4556,0.4197,0.6479,0.295,0.3831,1,0.3298,0.0
O216,W023,W003,A,A,1,0,1,0.98,0.9465,0.6412,1.1595,0.8557,1,0.6834,1.0
O217,W030,W037,A,B,0,1,0,0.3522,0.2603,0.6353,-0.825,0.3617,1,0.1773,0.0
O218,W023,W046,A,B,0,1,0,0.8207,0.5905,0.6412,0.0585,0.4549,1,0.3555,1.0
O219,W030,W035,A,B,0,1,0,0.3611,0.7823,0.6353,0.7936,0.3633,0,0.4125,
O220,W054,W052,A,A,1,0,0,0.411,0.4634,0.7587,-0.38,0.4568,1,0.3476,0.0
O221,W069,W003,A,A,1,0,0,0.8031,0.953,0.6442,1.1595,0.5216,0,0.6649,
O222,W022,W061,A,B,0,1,0,0.3397,0.6368,0.7786,0.0277,0.3773,0,0.3101,
O223,W015,W011,A,A,1,0,0,0.8167,0.6938,0.6335,-0.5965,0.5229,1,0.4463,1.0
O224,W065,W028,A,A,1,0,1,0.8618,0.8709,0.7227,-0.1671,0.849,1,0.5415,1.0
O225,W058,W013,A,B,0,1,1,0.9292,0.9408,0.683,-0.0652,0.8147,1,0.4601,1.0
O226,W024,W063,A,B,0,1,0,0.628,0.7962,0.6299,0.2183,0.4146,0,0.4028,
O227,W021,W063,A,B,0,1,0,0.4882,0.7353,0.7277,0.2183,0.3997,0,0.3683,
O228,W024,W041,A,B,0,1,0,0.4337,0.8952,0.6299,0.7818,0.3766,0,0.454,
O229,W065,W048,A,A,1,0,0,0.5681,0.8422,0.7227,0.8592,0.484,0,0.5813,
O230,W022,W047,A,B,0,1,0,0.7846,0.5987,0.7786,-0.2352,0.466,1,0.331,1.0
O231,W014,W049,A,A,1,0,0,0.6622,0.7554,0.6318,-0.5757,0.491,1,0.4465,0.0
O232,W068,W030,A,A,1,0,1,0.8305,0.7768,0.6369,1.0245,0.8396,1,0.6088,1.0
O233,W058,W013,A,B,0,1,1,0.9076,0.8778,0.683,-0.0652,0.812,1,0.4386,1.0
O234,W065,W045,A,B,0,1,0,0.4023,0.4078,0.7227,0.5582,0.3823,1,0.297,0.0
O235,W014,W049,A,A,1,0,0,0.6049,0.5293,0.6318,-0.5757,0.4793,1,0.3738,0.0
O236,W058,W014,A,A,1,0,0,0.7951,0.6406,0.683,0.1776,0.5252,1,0.4931,1.0
O237,W014,W038,A,B,0,1,0,0.5368,0.98,0.6318,1.4304,0.3968,0,0.5477,
O238,W045,W029,B,B,1,0,0,0.626,0.98,0.6479,0.3466,0.4858,0,0.5373,
O239,W015,W007,A,B,0,1,0,0.7175,0.6714,0.6335,0.3292,0.433,0,0.3872,
O240,W068,W001,A,A,1,0,1,0.865,0.8294,0.6369,0.0036,0.8433,0,0.544,
O241,W021,W007,A,B,0,1,0,0.6682,0.707,0.7277,0.3292,0.4356,1,0.3912,0.0
O242,W057,W021,A,A,1,0,1,0.98,0.9594,0.6353,1.6777,0.8553,1,0.7234,1.0
O243,W068,W025,A,A,1,0,1,0.6974,0.4311,0.6369,-0.1485,0.8243,1,0.3916,0.0
O244,W065,W008,A,B,0,1,1,0.4499,0.6078,0.7227,0.4683,0.752,1,0.3481,0.0
O245,W012,W067,A,A,1,0,0,0.6191,0.5334,0.6642,-0.9274,0.4866,0,0.349,
O246,W023,W068,A,A,1,0,0,0.98,0.8683,0.6412,0.2865,0.5572,1,0.5936,1.0
O247,W015,W007,A,B,0,1,0,0.715,0.5885,0.6335,0.3292,0.4325,0,0.3635,
O248,W021,W067,A,A,1,0,1,0.9599,0.7503,0.7277,-0.9274,0.8594,1,0.4537,1.0
O249,W014,W055,A,A,1,0,0,0.5911,0.7627,0.6318,-0.0112,0.4765,1,0.4872,1.0
O250,W015,W009,A,A,1,0,0,0.5905,0.6952,0.6335,0.2279,0.4766,0,0.4872,
O251,W054,W051,A,A,1,0,0,0.3262,0.5801,0.7587,0.1013,0.4396,1,0.4086,1.0
O252,W057,W027,A,A,1,0,0,0.5186,0.7475,0.6353,0.5943,0.4622,1,0.5247,0.0
O253,W069,W014,A,A,1,0,0,0.611,0.6262,0.6442,0.1776,0.4822,1,0.4649,0.0
O254,W069,W056,A,B,0,1,0,0.0937,0.4782,0.6442,0.6445,0.3153,1,0.2873,1.0
O255,W030,W058,A,A,1,0,0,0.3511,0.3066,0.6353,-0.8597,0.4282,0,0.2666,
O256,W057,W063,A,B,0,1,0,0.4551,0.6693,0.6353,0.2183,0.3814,1,0.3462,0.0
O257,W057,W072,A,B,0,1,0,0.3363,0.6917,0.6353,0.562,0.3587,0,0.3649,
O258,W054,W065,A,A,1,0,1,0.98,0.9356,0.7587,0.7465,0.8633,0,0.6493,
O259,W068,W044,A,A,1,0,0,0.98,0.4266,0.6369,-0.3621,0.5566,1,0.4082,1.0
O260,W015,W044,A,A,1,0,0,0.8788,0.6907,0.6335,-0.3621,0.5356,1,0.4732,0.0
O261,W069,W066,A,B,0,1,0,0.495,0.5846,0.6442,0.1711,0.3903,0,0.3245,
O262,W012,W002,A,A,1,0,0,0.558,0.7957,0.6642,0.9833,0.4741,1,0.5767,1.0
O263,W068,W027,A,A,1,0,0,0.7693,0.8181,0.6369,0.5943,0.5137,1,0.5778,1.0
O264,W030,W069,A,A,1,0,1,0.5612,0.7831,0.6353,1.3395,0.8074,1,0.6027,1.0
O265,W058,W052,A,A,1,0,0,0.5669,0.7701,0.683,-0.38,0.4784,0,0.455,
O266,W023,W004,A,A,1,0,1,0.7475,0.98,0.6412,1.0548,0.8305,1,0.6578,1.0
O267,W015,W013,A,B,0,1,0,0.4118,0.3582,0.6335,-0.0652,0.3728,0,0.2445,
O268,W021,W010,A,B,0,1,0,0.3248,0.2426,0.7277,-1.6016,0.368,0,0.1377,
O269,W022,W013,A,B,0,1,0,0.7401,0.8339,0.7786,-0.0652,0.4569,1,0.4045,1.0
O270,W021,W027,A,A,1,0,0,0.9249,0.98,0.7277,0.5943,0.5576,0,0.6431,
O271,W045,W049,B,A,0,1,0,0.467,0.443,0.6479,-0.5757,0.3853,0,0.2746,
O272,W057,W025,A,A,1,0,1,0.7169,0.6068,0.6353,-0.1485,0.8265,1,0.4453,0.0
O273,W068,W012,A,A,1,0,0,0.7501,0.8402,0.6369,0.3241,0.5098,0,0.5593,
O274,W014,W027,A,A,1,0,1,0.924,0.7893,0.6318,0.5943,0.8493,1,0.589,1.0
O275,W024,W031,A,A,1,0,0,0.5339,0.5421,0.6299,0.288,0.4645,1,0.4393,0.0
O276,W030,W053,A,B,0,1,0,0.234,0.4236,0.6353,-0.1309,0.3396,1,0.2378,1.0
O277,W057,W052,A,A,1,0,0,0.7629,0.6992,0.6353,-0.38,0.5121,0,0.4592,
O278,W024,W057,A,A,1,0,0,0.3819,0.6006,0.6299,0.2907,0.4337,1,0.4374,0.0
O279,W068,W037,A,B,0,1,0,0.7051,0.599,0.6369,-0.825,0.431,0,0.2799,
O280,W068,W003,A,A,1,0,0,0.6374,0.6892,0.6369,1.1595,0.4867,1,0.5702,0.0
O281,W021,W059,A,A,1,0,0,0.8883,0.8331,0.7277,-0.0803,0.5502,1,0.541,0.0
O282,W014,W059,A,A,1,0,1,0.8635,0.8706,0.6318,-0.0803,0.8428,1,0.5489,1.0
O283,W021,W028,A,A,1,0,0,0.6006,0.6473,0.7277,-0.1671,0.4914,1,0.4408,0.0
O284,W068,W065,A,A,1,0,0,0.6914,0.7877,0.6369,0.7465,0.4977,1,0.5716,1.0
O285,W045,W036,B,B,1,0,0,0.9029,0.9065,0.6479,-0.1461,0.5425,1,0.5094,1.0
O286,W014,W028,A,A,1,0,0,0.9669,0.8624,0.6318,-0.1671,0.5533,1,0.5525,1.0
O287,W065,W017,A,A,1,0,1,0.98,0.9657,0.7227,-0.2193,0.861,1,0.5803,1.0
O288,W012,W009,A,A,1,0,1,0.9128,0.909,0.6642,0.2279,0.8503,1,0.5922,1.0
O289,W030,W013,A,B,0,1,0,0.2771,0.2498,0.6353,-0.0652,0.3476,0,0.2094,
O290,W023,W028,A,A,1,0,0,0.5882,0.4783,0.6412,-0.1671,0.4772,0,0.3901,
O291,W030,W053,A,B,0,1,0,0.2351,0.3238,0.6353,-0.1309,0.3398,0,0.2169,
O292,W069,W008,A,B,0,1,0,0.3977,0.6112,0.6442,0.4683,0.3714,1,0.3429,1.0
O293,W054,W064,A,A,1,0,0,0.4498,0.7775,0.7587,0.4519,0.4647,0,0.5126,
O294,W045,W035,B,B,1,0,1,0.7654,0.9382,0.6479,0.7936,0.8331,1,0.5802,1.0
O295,W045,W066,B,B,1,0,0,0.5368,0.4379,0.6479,0.1711,0.4676,0,0.3527,
O296,W015,W004,A,A,1,0,1,0.6538,0.98,0.6335,1.0548,0.8188,1,0.6467,1.0
O297,W014,W068,A,A,1,0,1,0.98,0.729,0.6318,0.2865,0.8551,1,0.5528,0.0
O298,W030,W003,A,A,1,0,0,0.5722,0.776,0.6353,1.1595,0.4731,0,0.5873,
O299,W030,W061,A,B,0,1,0,0.2051,0.5144,0.6353,0.0277,0.3343,0,0.2657,
O300,W015,W062,A,B,0,1,1,0.6756,0.5477,0.6335,-1.2411,0.7766,0,0.238,
O301,W045,W047,B,B,1,0,1,0.5704,0.646,0.6479,-0.2352,0.8096,1,0.3827,0.0
O302,W030,W044,A,A,1,0,0,0.98,0.7255,0.6353,-0.3621,0.5564,0,0.4968,
O303,W015,W020,A,B,0,1,0,0.5502,0.5164,0.6335,-0.7096,0.3997,0,0.2525,
O304,W022,W056,A,B,0,1,0,0.2279,0.4871,0.7786,0.6445,0.356,0,0.3041,
O305,W030,W041,A,B,0,1,0,0.4484,0.6235,0.6353,0.7818,0.3801,0,0.3769,
O306,W068,W061,A,B,0,1,0,0.6303,0.3837,0.6369,0.0277,0.416,1,0.2784,0.0
O307,W057,W006,A,A,1,0,0,0.5402,0.8221,0.6353,0.269,0.4666,0,0.5222,
O308,W023,W060,A,A,1,0,0,0.98,0.7887,0.6412,0.2333,0.5572,1,0.566,1.0
O309,W023,W005,A,A,1,0,0,0.5386,0.3738,0.6412,-1.0331,0.467,1,0.2906,0.0
O310,W045,W069,B,A,0,1,1,0.4211,0.7034,0.6479,1.3395,0.7398,1,0.4921,0.0
O311,W015,W040,A,A,1,0,0,0.6528,0.7681,0.6335,0.2694,0.4894,1,0.5207,1.0
O312,W068,W062,A,B,0,1,0,0.98,0.5665,0.6369,-1.2411,0.4869,1,0.2724,1.0
O313,W045,W059,B,A,0,1,0,0.4057,0.5065,0.6479,-0.0803,0.3735,0,0.319,
O314,W058,W060,A,A,1,0,0,0.9377,0.9211,0.683,0.2333,0.5542,0,0.5992,
O315,W054,W024,A,A,1,0,0,0.6993,0.7099,0.7587,-0.1903,0.5158,1,0.4702,1.0
O316,W045,W043,B,A,0,1,0,0.7542,0.7214,0.6479,-0.7976,0.4423,0,0.3628,
O317,W021,W005,A,A,1,0,0,0.5512,0.4371,0.7277,-1.0331,0.4812,1,0.3079,0.0
O318,W015,W057,A,A,1,0,1,0.98,0.8916,0.6335,0.2907,0.8552,1,0.6007,1.0
O319,W045,W020,B,B,1,0,0,0.3269,0.385,0.6479,-0.7096,0.425,0,0.2536,
O320,W068,W022,A,A,1,0,0,0.8488,0.9557,0.6369,0.3044,0.5299,1,0.6039,0.0
O321,W058,W002,A,A,1,0,0,0.4838,0.623,0.683,0.9833,0.4615,1,0.5159,0.0
O322,W065,W046,A,B,0,1,0,0.422,0.5463,0.7227,0.0585,0.3861,1,0.2984,0.0
O323,W045,W055,B,A,0,1,1,0.3958,0.7172,0.6479,-0.0112,0.7358,1,0.3805,1.0
O324,W057,W011,A,A,1,0,0,0.8144,0.544,0.6353,-0.5965,0.5227,1,0.4021,0.0
O325,W046,W004,B,A,0,1,0,0.3575,0.7845,0.6458,1.0548,0.364,0,0.484,
O326,W057,W031,A,A,1,0,0,0.6503,0.555,0.6353,0.288,0.4891,0,0.4581,
O327,W014,W027,A,A,1,0,1,0.98,0.98,0.6318,0.5943,0.8551,1,0.6497,0.0
O328,W015,W037,A,B,0,1,0,0.3169,0.28,0.6335,-0.825,0.3548,1,0.178,1.0
O329,W022,W028,A,A,1,0,0,0.98,0.9019,0.7786,-0.1671,0.5754,0,0.5659,
O330,W045,W029,B,B,1,0,0,0.6026,0.7913,0.6479,0.3466,0.481,0,0.4777,
O331,W030,W033,A,B,0,1,0,0.1289,0.2998,0.6353,0.1437,0.3205,0,0.2185,
O332,W065,W027,A,A,1,0,1,0.8956,0.7302,0.7227,0.5943,0.8525,1,0.5681,1.0
O333,W030,W058,A,A,1,0,0,0.5183,0.3714,0.6353,-0.8597,0.4621,0,0.3,
O334,W015,W005,A,A,1,0,0,0.98,0.5498,0.6335,-1.0331,0.5562,0,0.3889,
O335,W057,W058,A,A,1,0,0,0.6703,0.3448,0.6353,-0.8597,0.4932,1,0.31,1.0
O336,W030,W018,A,B,0,1,0,0.3949,0.4477,0.6353,-0.6488,0.3698,0,0.2265,
O337,W058,W038,A,B,0,1,0,0.4793,0.8803,0.683,1.4304,0.3922,1,0.5105,1.0
O338,W015,W019,A,A,1,0,1,0.8313,0.8227,0.6335,0.295,0.8394,1,0.5621,1.0
O339,W012,W057,A,A,1,0,0,0.7087,0.65,0.6642,0.2907,0.5049,0,0.4943,
O340,W030,W015,A,A,1,0,0,0.7028,0.4905,0.6353,-0.5058,0.4998,0,0.3804,
O341,W021,W031,A,A,1,0,0,0.8423,0.7265,0.7277,0.288,0.5408,0,0.5344,
O342,W046,W018,B,B,1,0,0,0.807,0.6541,0.6458,-0.6488,0.5226,0,0.3808,
O343,W068,W062,A,B,0,1,0,0.9646,0.6372,0.6369,-1.2411,0.4837,0,0.2879,
O344,W021,W028,A,A,1,0,0,0.5426,0.6531,0.7277,-0.1671,0.4795,0,0.4351,
O345,W068,W065,A,A,1,0,0,0.6748,0.834,0.6369,0.7465,0.4943,0,0.5831,
O346,W057,W013,A,B,0,1,0,0.2424,0.4211,0.6353,-0.0652,0.3411,0,0.2422,
O347,W057,W015,A,A,1,0,1,0.98,0.8977,0.6353,-0.5058,0.8553,0,0.5361,
O348,W065,W047,A,B,0,1,0,0.6309,0.886,0.7227,-0.2352,0.4274,0,0.392,
O349,W024,W055,A,A,1,0,0,0.4958,0.3815,0.6299,-0.0112,0.4568,0,0.364,
O350,W023,W062,A,B,0,1,0,0.4705,0.1703,0.6412,-1.2411,0.3851,0,0.1515,
O351,W021,W041,A,B,0,1,0,0.5979,0.7281,0.7277,0.7818,0.4215,1,0.4257,1.0
O352,W069,W056,A,B,0,1,0,0.2293,0.6724,0.6442,0.6445,0.3398,1,0.3533,1.0
O353,W012,W016,A,B,0,1,1,0.98,0.98,0.6642,0.7667,0.8194,1,0.5489,0.0
O354,W057,W017,A,A,1,0,0,0.5465,0.5767,0.6353,-0.2193,0.4678,0,0.4089,
O355,W065,W015,A,A,1,0,0,0.6242,0.5816,0.7227,-0.5058,0.4955,0,0.3967,
O356,W030,W068,A,A,1,0,1,0.8429,0.5631,0.6353,0.2865,0.8408,0,0.4854,
O357,W065,W031,A,A,1,0,1,0.98,0.8737,0.7227,0.288,0.861,1,0.5953,1.0
O358,W046,W058,B,A,0,1,0,0.5201,0.6725,0.6458,-0.8597,0.3954,1,0.3176,0.0
O359,W046,W045,B,B,1,0,0,0.5848,0.7629,0.6458,0.5582,0.4771,1,0.4848,1.0
O360,W030,W028,A,A,1,0,0,0.555,0.7007,0.6353,-0.1671,0.4696,0,0.4508,
O361,W068,W059,A,A,1,0,0,0.6262,0.7886,0.6369,-0.0803,0.4844,1,0.4937,1.0
O362,W057,W067,A,A,1,0,0,0.7081,0.8763,0.6353,-0.9274,0.5009,1,0.4587,1.0
O363,W021,W070,A,A,1,0,0,0.7614,0.7066,0.7277,0.0385,0.5243,0,0.4967,
O364,W069,W039,A,A,1,0,0,0.5734,0.5657,0.6442,-0.3026,0.4745,0,0.4023,
O365,W045,W018,B,B,1,0,0,0.3095,0.02,0.6479,-0.6488,0.4216,1,0.1816,0.0
O366,W069,W033,A,B,0,1,0,0.7864,0.5823,0.6442,0.1437,0.4484,0,0.3558,
O367,W022,W067,A,A,1,0,0,0.4977,0.4353,0.7786,-0.9274,0.4772,0,0.3091,
O368,W023,W033,A,B,0,1,0,0.8813,0.7377,0.6412,0.1437,0.4673,1,0.4115,1.0
O369,W030,W029,A,B,0,1,0,0.5529,0.5896,0.6353,0.3466,0.4005,1,0.3459,1.0
O370,W024,W052,A,A,1,0,1,0.7929,0.7317,0.6299,-0.38,0.8348,1,0.4728,1.0
O371,W046,W037,B,B,1,0,0,0.5113,0.6248,0.6458,-0.825,0.4621,1,0.3241,0.0
O372,W069,W046,A,B,0,1,0,0.2138,0.5567,0.6442,0.0585,0.337,0,0.2787,
O373,W057,W010,A,B,0,1,0,0.6556,0.3216,0.6353,-1.6016,0.4208,1,0.1725,0.0
O374,W023,W056,A,B,0,1,0,0.6646,0.7584,0.6412,0.6445,0.4234,1,0.4316,0.0
O375,W045,W037,B,B,1,0,1,0.98,0.7865,0.6479,-0.825,0.8561,1,0.4263,0.0
O376,W015,W059,A,A,1,0,0,0.5167,0.6224,0.6335,-0.0803,0.4615,0,0.43,
O377,W015,W004,A,A,1,0,1,0.6668,0.8165,0.6335,1.0548,0.8204,1,0.6023,1.0
O378,W065,W041,A,B,0,1,1,0.857,0.7449,0.7227,0.7818,0.8089,1,0.4639,1.0
O379,W054,W025,A,A,1,0,0,0.7139,0.4307,0.7587,-0.1485,0.5188,0,0.3935,
O380,W024,W032,A,B,0,1,0,0.4655,0.6014,0.6299,0.0421,0.3827,0,0.3161,
O381,W046,W023,B,A,0,1,0,0.821,0.9638,0.6458,0.8289,0.4556,0,0.5782,
O382,W068,W049,A,A,1,0,0,0.7539,0.5437,0.6369,-0.5757,0.5105,1,0.3962,0.0
O383,W024,W052,A,A,1,0,1,0.8511,0.5061,0.6299,-0.38,0.8413,0,0.4135,
O384,W046,W016,B,B,1,0,0,0.2334,0.4845,0.6458,0.7667,0.4062,1,0.376,1.0
O385,W014,W015,A,A,1,0,0,0.567,0.5502,0.6318,-0.5058,0.4716,0,0.3806,
O386,W046,W017,B,A,0,1,0,0.3802,0.501,0.6458,-0.2193,0.3683,0,0.3046,
O387,W030,W053,A,B,0,1,0,0.2915,0.3695,0.6353,-0.1309,0.3503,0,0.2315,
O388,W068,W013,A,B,0,1,0,0.5062,0.495,0.6369,-0.0652,0.3915,1,0.286,0.0
O389,W015,W057,A,A,1,0,1,0.8999,0.8495,0.6335,0.2907,0.8468,1,0.5784,1.0
O390,W021,W047,A,B,0,1,0,0.8419,0.7358,0.7277,-0.2352,0.4709,1,0.3754,0.0
O391,W024,W020,A,B,0,1,0,0.3161,0.2951,0.6299,-0.7096,0.3542,0,0.1865,
O392,W021,W010,A,B,0,1,0,0.2833,0.1571,0.7277,-1.6016,0.3602,0,0.1236,
O393,W065,W023,A,A,1,0,0,0.4981,0.808,0.7227,0.8289,0.4697,1,0.5598,0.0
O394,W024,W070,A,A,1,0,0,0.9083,0.6508,0.6299,0.0385,0.5412,0,0.4991,
O395,W069,W005,A,A,1,0,0,0.5326,0.5435,0.6442,-1.0331,0.4662,0,0.3336,
O396,W068,W041,A,B,0,1,0,0.4266,0.7477,0.6369,0.7818,0.3761,0,0.4097,
O397,W024,W055,A,A,1,0,0,0.5729,0.4736,0.6299,-0.0112,0.4725,1,0.3995,0.0
O398,W045,W006,B,A,0,1,0,0.0997,0.386,0.6479,0.269,0.3168,1,0.2802,0.0
O399,W069,W033,A,B,0,1,0,0.7688,0.8572,0.6442,0.1437,0.4448,1,0.4322,0.0
O400,W069,W024,A,A,1,0,0,0.8308,0.7177,0.6442,-0.1903,0.5273,0,0.4896,
O401,W069,W051,A,A,1,0,0,0.4139,0.6028,0.6442,0.1013,0.4421,1,0.4263,1.0
O402,W015,W042,A,B,0,1,1,0.5011,0.5709,0.6335,0.4482,0.7508,0,0.3425,
O403,W030,W011,A,A,1,0,0,0.6819,0.6117,0.6353,-0.5965,0.4956,1,0.4051,0.0
O404,W045,W046,B,B,1,0,0,0.7202,0.9288,0.6479,0.0585,0.5051,0,0.5097,
O405,W021,W007,A,B,0,1,0,0.5858,0.7682,0.7277,0.3292,0.4191,0,0.3985,
O406,W068,W064,A,A,1,0,0,0.6966,0.7231,0.6369,0.4519,0.4988,0,0.5284,
O407,W058,W016,A,B,0,1,0,0.4971,0.8628,0.683,0.7667,0.3957,1,0.4513,0.0
O408,W068,W001,A,A,1,0,1,0.8333,0.7645,0.6369,0.0036,0.8399,1,0.5205,0.0
O409,W023,W010,A,B,0,1,0,0.5864,0.3949,0.6412,-1.6016,0.4078,1,0.1801,0.0
O410,W069,W049,A,A,1,0,0,0.98,0.6615,0.6442,-0.5757,0.5576,1,0.4595,0.0
O411,W065,W030,A,A,1,0,1,0.807,0.7766,0.7227,1.0245,0.8432,1,0.6059,1.0
O412,W021,W032,A,B,0,1,0,0.3952,0.513,0.7277,0.0421,0.3816,0,0.2861,
O413,W015,W065,A,A,1,0,0,0.683,0.8343,0.6335,0.7465,0.4955,0,0.5842,
O414,W068,W031,A,A,1,0,1,0.8773,0.7486,0.6369,0.288,0.8447,1,0.5455,1.0
O415,W023,W017,A,A,1,0,0,0.826,0.7607,0.6412,-0.2193,0.5259,1,0.4994,0.0
O416,W069,W050,A,A,1,0,0,0.319,0.2297,0.6442,0.0992,0.423,0,0.3111,
O417,W022,W007,A,B,0,1,0,0.7506,0.6861,0.7786,0.3292,0.4591,0,0.3954,
O418,W046,W061,B,B,1,0,0,0.2083,0.4614,0.6458,0.0277,0.4012,1,0.3103,0.0
O419,W023,W015,A,A,1,0,0,0.5651,0.3869,0.6412,-0.5058,0.4724,0,0.3354,
O420,W069,W058,A,A,1,0,0,0.6118,0.3991,0.6442,-0.8597,0.4824,0,0.3175,
O421,W012,W004,A,A,1,0,1,0.9353,0.98,0.6642,1.0548,0.8527,1,0.6794,1.0
O422,W068,W026,A,B,0,1,0,0.2552,0.333,0.6369,0.1309,0.3437,0,0.2363,
O423,W054,W030,A,A,1,0,0,0.5146,0.6727,0.7587,1.0245,0.4779,0,0.5382,
O424,W023,W025,A,A,1,0,1,0.98,0.7662,0.6412,-0.1485,0.8557,1,0.5271,0.0
O425,W068,W040,A,A,1,0,1,0.98,0.7509,0.6369,0.2694,0.8554,1,0.5578,1.0
O426,W065,W024,A,A,1,0,1,0.98,0.9337,0.7227,-0.1903,0.861,1,0.5733,1.0
O427,W012,W024,A,A,1,0,0,0.6663,0.6116,0.6642,-0.1903,0.4963,1,0.4368,0.0
O428,W021,W009,A,A,1,0,0,0.5987,0.576,0.7277,0.2279,0.491,0,0.4526,
O429,W065,W017,A,A,1,0,1,0.9663,0.7349,0.7227,-0.2193,0.8597,1,0.51,1.0
O430,W046,W071,B,A,0,1,0,0.4545,0.766,0.6458,2.0341,0.3826,0,0.5738,
O431,W054,W010,A,B,0,1,0,0.3376,0.2514,0.7587,-1.6016,0.3744,1,0.1398,0.0
O432,W012,W005,A,A,1,0,0,0.762,0.3902,0.6642,-1.0331,0.5159,1,0.3193,0.0
O433,W065,W040,A,A,1,0,0,0.7043,0.98,0.7227,0.2694,0.512,1,0.59,0.0
O434,W058,W041,A,B,0,1,0,0.2552,0.6007,0.683,0.7818,0.3494,1,0.3474,0.0
O435,W012,W057,A,A,1,0,0,0.7767,0.767,0.6642,0.2907,0.5189,1,0.5382,0.0
O436,W065,W072,A,B,0,1,0,0.5357,0.6976,0.7227,0.562,0.4084,1,0.391,0.0
O437,W065,W031,A,A,1,0,1,0.98,0.7614,0.7227,0.288,0.861,0,0.5625,
O438,W024,W062,A,B,0,1,0,0.3356,0.4916,0.6299,-1.2411,0.3579,0,0.1966,
O439,W068,W059,A,A,1,0,0,0.5179,0.4588,0.6369,-0.0803,0.4622,1,0.3829,0.0
O440,W014,W020,A,B,0,1,0,0.3617,0.4034,0.6318,-0.7096,0.363,0,0.211,
O441,W014,W005,A,A,1,0,0,0.3699,0.2233,0.6318,-1.0331,0.4316,0,0.2385,
O442,W022,W053,A,B,0,1,0,0.6516,0.5739,0.7786,-0.1309,0.439,1,0.3171,0.0
O443,W024,W029,A,B,0,1,0,0.2347,0.5851,0.6299,0.3466,0.3391,0,0.3083,
O444,W012,W020,A,B,0,1,0,0.3958,0.4972,0.6642,-0.7096,0.3736,0,0.2335,
O445,W068,W042,A,B,0,1,0,0.5962,0.5712,0.6369,0.4482,0.4092,0,0.3539,
O446,W024,W001,A,A,1,0,0,0.7068,0.7843,0.6299,0.0036,0.4999,1,0.51,1.0
O447,W069,W066,A,B,0,1,0,0.3292,0.6099,0.6442,0.1711,0.3584,0,0.3124,
O448,W065,W069,A,A,1,0,0,0.98,0.98,0.7227,1.3395,0.568,1,0.705,0.0
O449,W024,W002,A,A,1,0,0,0.685,0.5706,0.6299,0.9833,0.4955,1,0.5263,1.0
O450,W058,W024,A,A,1,0,0,0.9147,0.7544,0.683,-0.1903,0.5496,0,0.5115,
O451,W014,W004,A,A,1,0,0,0.4388,0.51,0.6318,1.0548,0.4455,1,0.4822,0.0
O452,W022,W026,A,B,0,1,0,0.3582,0.4216,0.7786,0.1309,0.3809,0,0.2663,
O453,W014,W005,A,A,1,0,0,0.4188,0.4344,0.6318,-1.0331,0.4414,1,0.2927,0.0
O454,W024,W016,A,B,0,1,0,0.7495,0.7861,0.6299,0.7667,0.439,0,0.461,
O455,W054,W048,A,A,1,0,0,0.3575,0.5211,0.7587,0.8592,0.4459,0,0.4585,
O456,W069,W027,A,A,1,0,0,0.9658,0.8882,0.6442,0.5943,0.5547,1,0.6225,1.0
O457,W014,W032,A,B,0,1,0,0.3007,0.606,0.6318,0.0421,0.3515,0,0.299,
O458,W030,W034,A,A,1,0,0,0.6905,0.6074,0.6353,0.1558,0.4973,1,0.4678,0.0
O459,W015,W037,A,B,0,1,0,0.3528,0.4642,0.6335,-0.825,0.3616,0,0.2159,
O460,W030,W044,A,A,1,0,0,0.98,0.8389,0.6353,-0.3621,0.5564,1,0.5307,1.0
O461,W024,W035,A,B,0,1,0,0.4974,0.9101,0.6299,0.7936,0.3889,0,0.4677,
O462,W054,W018,A,B,0,1,0,0.5944,0.2679,0.7587,-0.6488,0.4249,1,0.2075,0.0
O463,W068,W032,A,B,0,1,0,0.4297,0.6363,0.6369,0.0421,0.3767,1,0.3211,0.0
O464,W045,W034,B,A,0,1,0,0.4371,0.5519,0.6479,0.1558,0.3795,0,0.3526,
O465,W015,W020,A,B,0,1,0,0.6523,0.6214,0.6335,-0.7096,0.4199,0,0.2877,
O466,W054,W064,A,A,1,0,0,0.5079,0.8178,0.7587,0.4519,0.4766,0,0.5322,
O467,W024,W072,A,B,0,1,0,0.5142,0.523,0.6299,0.562,0.3922,0,0.3399,
O468,W068,W027,A,A,1,0,0,0.8267,0.7827,0.6369,0.5943,0.5254,0,0.5747,
O469,W057,W035,A,B,0,1,0,0.6318,0.809,0.6353,0.7936,0.4161,0,0.4549,
O470,W023,W024,A,A,1,0,0,0.7994,0.5942,0.6412,-0.1903,0.5204,1,0.4487,1.0
O471,W022,W053,A,B,0,1,0,0.6646,0.5793,0.7786,-0.1309,0.4416,0,0.32,
O472,W023,W022,A,A,1,0,0,0.6219,0.7506,0.6412,0.3044,0.4841,0,0.5144,
O473,W058,W044,A,A,1,0,0,0.4825,0.4431,0.683,-0.3621,0.4612,1,0.3519,0.0
O474,W065,W057,A,A,1,0,0,0.7086,0.8661,0.7227,0.2907,0.5128,1,0.5589,1.0
O475,W014,W006,A,A,1,0,0,0.7841,0.9489,0.6318,0.269,0.516,1,0.5909,0.0
O476,W054,W016,A,B,0,1,0,0.7348,0.7965,0.7587,0.7667,0.4532,0,0.4622,
O477,W012,W069,A,A,1,0,0,0.5193,0.7458,0.6642,1.3395,0.4662,0,0.5867,
O478,W024,W063,A,B,0,1,0,0.6308,0.7205,0.6299,0.2183,0.4152,0,0.3815,
O479,W065,W045,A,B,0,1,0,0.4448,0.7856,0.7227,0.5582,0.3905,0,0.4046,
O480,W046,W037,B,B,1,0,0,0.5129,0.7139,0.6458,-0.825,0.4624,0,0.3482,
O481,W012,W029,A,B,0,1,0,0.98,0.9524,0.6642,0.3466,0.4906,0,0.5051,
O482,W045,W002,B,A,0,1,0,0.4103,0.7709,0.6479,0.9833,0.3743,1,0.4807,0.0
O483,W023,W029,A,B,0,1,0,0.6192,0.7482,0.6412,0.3466,0.4144,1,0.3983,1.0
O484,W012,W017,A,A,1,0,1,0.8333,0.6606,0.6642,-0.2193,0.8418,1,0.4704,0.0
O485,W024,W023,A,A,1,0,0,0.8824,0.785,0.6299,0.8289,0.5359,1,0.6017,0.0
O486,W054,W061,A,B,0,1,0,0.3085,0.6309,0.7587,0.0277,0.3688,0,0.3051,
O487,W030,W044,A,A,1,0,0,0.98,0.6973,0.6353,-0.3621,0.5564,0,0.4883,
O488,W069,W061,A,B,0,1,0,0.4223,0.5747,0.6442,0.0277,0.3762,1,0.3034,0.0
O489,W068,W026,A,B,0,1,0,0.3115,0.4151,0.6369,0.1309,0.3542,1,0.2601,0.0
O490,W058,W064,A,A,1,0,0,0.5831,0.7314,0.683,0.4519,0.4817,1,0.5161,1.0
O491,W022,W032,A,B,0,1,0,0.6829,0.948,0.7786,0.0421,0.4453,0,0.4396,
O492,W014,W068,A,A,1,0,1,0.98,0.7628,0.6318,0.2865,0.8551,1,0.5628,0.0
O493,W057,W031,A,A,1,0,0,0.6068,0.7284,0.6353,0.288,0.4802,1,0.5044,0.0
O494,W045,W029,B,B,1,0,0,0.5524,0.6278,0.6479,0.3466,0.4707,0,0.4227,
O495,W046,W065,B,A,0,1,0,0.3796,0.8766,0.6458,0.7465,0.3682,0,0.4883,
O496,W065,W028,A,A,1,0,1,0.8422,0.5356,0.7227,-0.1671,0.847,1,0.4388,0.0
O497,W065,W056,A,B,0,1,0,0.3572,0.6998,0.7227,0.6445,0.3736,1,0.3763,1.0
O498,W068,W022,A,A,1,0,0,0.8468,0.6883,0.6369,0.3044,0.5295,1,0.5249,0.0
O499,W045,W009,B,A,0,1,0,0.2371,0.8495,0.6479,0.2279,0.3417,0,0.4183,
O500,W030,W038,A,B,0,1,0,0.4986,0.6117,0.6353,1.4304,0.3898,1,0.4328,0.0
O501,W021,W020,A,B,0,1,0,0.526,0.554,0.7277,-0.7096,0.4072,1,0.2587,0.0
O502,W054,W002,A,A,1,0,1,0.98,0.8119,0.7587,0.9833,0.8633,1,0.6337,1.0
O503,W030,W052,A,A,1,0,1,0.8429,0.9719,0.6353,-0.38,0.8408,1,0.5512,1.0
O504,W024,W020,A,B,0,1,0,0.3671,0.4838,0.6299,-0.7096,0.3638,1,0.228,0.0
O505,W021,W045,A,B,0,1,0,0.5086,0.7885,0.7277,0.5582,0.4037,1,0.4135,1.0
O506,W054,W037,A,B,0,1,0,0.3837,0.4666,0.7587,-0.825,0.3833,1,0.2191,0.0
O507,W057,W010,A,B,0,1,0,0.69,0.454,0.6353,-1.6016,0.4277,0,0.1993,
O508,W023,W059,A,A,1,0,0,0.4722,0.3918,0.6412,-0.0803,0.4535,0,0.3586,
O509,W065,W023,A,A,1,0,0,0.4683,0.8339,0.7227,0.8289,0.4636,1,0.5637,0.0
O510,W024,W005,A,A,1,0,0,0.6996,0.6377,0.6299,-1.0331,0.4985,1,0.3794,1.0
O511,W069,W044,A,A,1,0,0,0.7226,0.4214,0.6442,-0.3621,0.5051,0,0.3748,
O512,W015,W029,A,B,0,1,0,0.5899,0.7308,0.6335,0.3466,0.4075,0,0.3897,
O513,W024,W001,A,A,1,0,0,0.7846,0.5259,0.6299,0.0036,0.5159,0,0.4428,
O514,W068,W053,A,B,0,1,0,0.7627,0.64,0.6369,-0.1309,0.4426,1,0.3475,1.0
O515,W068,W058,A,A,1,0,0,0.4278,0.4106,0.6369,-0.8597,0.4439,0,0.3,
O516,W054,W041,A,B,0,1,0,0.397,0.6442,0.7587,0.7818,0.3859,0,0.3764,
O517,W065,W036,A,B,0,1,0,0.6669,0.6769,0.7227,-0.1461,0.4347,0,0.3451,
O518,W012,W013,A,B,0,1,0,0.3811,0.3958,0.6642,-0.0652,0.3708,1,0.2499,0.0
O519,W068,W031,A,A,1,0,1,0.818,0.6972,0.6369,0.288,0.8382,0,0.5225,
O520,W054,W072,A,B,0,1,0,0.7578,0.6888,0.7587,0.562,0.4579,1,0.4162,1.0
O521,W068,W011,A,A,1,0,0,0.5644,0.536,0.6369,-0.5965,0.4717,0,0.3691,
O522,W054,W018,A,B,0,1,0,0.6012,0.5935,0.7587,-0.6488,0.4262,0,0.2797,
O523,W068,W057,A,A,1,0,1,0.98,0.98,0.6369,0.2907,0.8554,1,0.6258,1.0
O524,W058,W001,A,A,1,0,0,0.6365,0.5509,0.683,0.0036,0.4927,0,0.4313,
O525,W058,W009,A,A,1,0,0,0.4698,0.7354,0.683,0.2279,0.4586,1,0.4836,0.0
O526,W022,W035,A,B,0,1,0,0.7831,0.98,0.7786,0.7936,0.4657,0,0.5257,
O527,W023,W055,A,A,1,0,0,0.4322,0.4887,0.6412,-0.0112,0.4454,1,0.3864,1.0
O528,W022,W012,A,A,1,0,1,0.98,0.9026,0.7786,0.3241,0.8646,1,0.6066,0.0
O529,W054,W051,A,A,1,0,0,0.3778,0.5029,0.7587,0.1013,0.45,0,0.3928,
O530,W022,W030,A,A,1,0,1,0.745,0.8688,0.7786,1.0245,0.8404,1,0.6244,1.0
O531,W045,W024,B,A,0,1,0,0.4459,0.4554,0.6479,-0.1903,0.3812,0,0.3023,
O532,W069,W052,A,A,1,0,1,0.98,0.6181,0.6442,-0.38,0.8559,1,0.4631,1.0
O533,W046,W008,B,B,1,0,0,0.7465,0.627,0.6458,0.4683,0.5102,0,0.4576,
O534,W054,W067,A,A,1,0,0,0.6892,0.6264,0.7587,-0.9274,0.5137,1,0.3834,0.0
O535,W065,W036,A,B,0,1,0,0.6772,0.6974,0.7227,-0.1461,0.4367,0,0.3519,
O536,W015,W070,A,A,1,0,1,0.5761,0.8333,0.6335,0.0385,0.8091,0,0.5106,
O537,W046,W002,B,A,0,1,0,0.158,0.6175,0.6458,0.9833,0.327,1,0.4031,0.0
O538,W054,W043,A,A,1,0,0,0.863,0.4375,0.7587,-0.7976,0.5492,0,0.3618,
O539,W046,W029,B,B,1,0,1,0.9777,0.7187,0.6458,0.3466,0.8558,1,0.5047,0.0
O540,W069,W030,A,A,1,0,1,0.5699,0.8666,0.6442,1.0245,0.8093,1,0.6022,1.0
O541,W058,W064,A,A,1,0,0,0.4283,0.7135,0.683,0.4519,0.4502,0,0.4906,
O542,W046,W066,B,B,1,0,0,0.5741,0.7718,0.6458,0.1711,0.4749,0,0.4533,
O543,W045,W021,B,A,0,1,0,0.4559,0.8464,0.6479,1.6777,0.3831,0,0.5679,
O544,W023,W022,A,A,1,0,0,0.5318,0.4362,0.6412,0.3044,0.4656,1,0.4094,0.0
O545,W065,W030,A,A,1,0,1,0.8228,0.98,0.7227,1.0245,0.8449,1,0.6642,0.0
O546,W054,W023,A,A,1,0,1,0.98,0.98,0.7587,0.8289,0.8633,1,0.6676,1.0
O547,W054,W013,A,B,0,1,1,0.6392,0.6834,0.7587,-0.0652,0.7831,1,0.3498,1.0
O548,W054,W024,A,A,1,0,0,0.7345,0.7829,0.7587,-0.1903,0.523,1,0.4967,0.0
O549,W068,W053,A,B,0,1,0,0.7896,0.7243,0.6369,-0.1309,0.448,1,0.3741,0.0
O550,W058,W062,A,B,0,1,0,0.5392,0.4646,0.683,-1.2411,0.4039,0,0.2085,
O551,W046,W045,B,B,1,0,0,0.6206,0.779,0.6458,0.5582,0.4844,1,0.4943,0.0
O552,W054,W031,A,A,1,0,0,0.6789,0.7723,0.7587,0.288,0.5116,1,0.5269,1.0
O553,W014,W021,A,A,1,0,0,0.4885,0.6413,0.6318,1.6777,0.4555,0,0.5803,
O554,W021,W027,A,A,1,0,0,0.9222,0.9345,0.7277,0.5943,0.557,1,0.6302,1.0
O555,W012,W005,A,A,1,0,0,0.9136,0.5113,0.6642,-1.0331,0.5468,1,0.3699,1.0
O556,W021,W019,A,A,1,0,0,0.98,0.7367,0.7277,0.295,0.5687,0,0.5557,
O557,W022,W002,A,A,1,0,0,0.5968,0.98,0.7786,0.9833,0.4975,1,0.6343,1.0
O558,W015,W039,A,A,1,0,1,0.98,0.9428,0.6335,-0.3026,0.8552,1,0.5666,1.0
O559,W054,W025,A,A,1,0,0,0.5973,0.4378,0.7587,-0.1485,0.4949,1,0.3812,0.0
O560,W065,W007,A,B,0,1,1,0.5352,0.7482,0.7227,0.3292,0.7648,1,0.3865,0.0
O561,W030,W005,A,A,1,0,0,0.9211,0.4585,0.6353,-1.0331,0.5445,1,0.3562,0.0
O562,W058,W005,A,A,1,0,0,0.98,0.7266,0.683,-1.0331,0.5628,0,0.4404,
O563,W015,W051,A,A,1,0,1,0.8928,0.6662,0.6335,0.1013,0.8461,1,0.507,0.0
O564,W065,W044,A,A,1,0,0,0.5281,0.455,0.7227,-0.3621,0.4758,0,0.3607,
O565,W023,W042,A,B,0,1,0,0.8752,0.9487,0.6412,0.4482,0.466,1,0.499,0.0
O566,W054,W048,A,A,1,0,0,0.3342,0.5428,0.7587,0.8592,0.4412,1,0.4619,1.0
O567,W015,W053,A,B,0,1,0,0.541,0.4113,0.6335,-0.1309,0.3979,0,0.2651,
O568,W058,W049,A,A,1,0,0,0.6694,0.5733,0.683,-0.5757,0.4994,0,0.3942,
O569,W058,W035,A,B,0,1,0,0.3006,0.4046,0.683,0.7936,0.3579,1,0.3019,1.0
O570,W069,W068,A,A,1,0,0,0.7241,0.9176,0.6442,0.2865,0.5054,1,0.5757,0.0
O571,W046,W006,B,A,0,1,0,0.3778,0.7515,0.6458,0.269,0.3678,1,0.4109,0.0
O572,W015,W069,A,A,1,0,0,0.8,0.98,0.6335,1.3395,0.5195,0,0.6851,
O573,W065,W060,A,A,1,0,0,0.7894,0.8817,0.7227,0.2333,0.5294,0,0.569,
O574,W057,W056,A,B,0,1,0,0.8173,0.9407,0.6353,0.6445,0.4534,0,0.5057,
O575,W045,W037,B,B,1,0,1,0.98,0.4216,0.6479,-0.825,0.8561,1,0.3241,0.0
O576,W022,W007,A,B,0,1,0,0.7506,0.8921,0.7786,0.3292,0.4591,0,0.4558,
O577,W015,W044,A,A,1,0,0,0.98,0.6307,0.6335,-0.3621,0.5562,1,0.4684,1.0
O578,W023,W002,A,A,1,0,0,0.4678,0.7059,0.6412,0.9833,0.4526,1,0.5386,1.0
O579,W065,W014,A,A,1,0,0,0.98,0.8754,0.7227,0.1776,0.568,1,0.5867,1.0
O580,W024,W067,A,A,1,0,0,0.5871,0.5437,0.6299,-0.9274,0.4754,0,0.3481,
O581,W068,W019,A,A,1,0,0,0.4649,0.5531,0.6369,0.295,0.4514,0,0.4343,
O582,W030,W066,A,B,0,1,0,0.3524,0.7137,0.6353,0.1711,0.3617,1,0.3425,0.0
O583,W046,W005,B,A,0,1,1,0.9305,0.5931,0.6458,-1.0331,0.8118,1,0.3306,0.0
O584,W023,W034,A,A,1,0,1,0.5671,0.5939,0.6412,0.1558,0.8087,1,0.4478,0.0
O585,W030,W048,A,A,1,0,0,0.6585,0.7241,0.6353,0.8592,0.4908,1,0.5581,0.0
O586,W030,W058,A,A,1,0,0,0.3865,0.3123,0.6353,-0.8597,0.4354,0,0.2716,
O587,W012,W054,A,A,1,0,0,0.98,0.98,0.6642,0.7534,0.5603,1,0.6619,1.0
O588,W014,W020,A,B,0,1,0,0.3593,0.4408,0.6318,-0.7096,0.3626,0,0.2183,
O589,W065,W046,A,B,0,1,0,0.2915,0.4674,0.7227,0.0585,0.3611,1,0.2655,0.0
O590,W021,W060,A,A,1,0,0,0.6476,0.6415,0.7277,0.2333,0.501,0,0.479,
O591,W015,W039,A,A,1,0,1,0.98,0.7127,0.6335,-0.3026,0.8552,1,0.498,0.0
O592,W068,W051,A,A,1,0,1,0.7357,0.6708,0.6369,0.1013,0.8288,0,0.488,
O593,W030,W043,A,A,1,0,0,0.7651,0.6245,0.6353,-0.7976,0.5126,0,0.4028,
O594,W069,W029,A,B,0,1,1,0.9482,0.7365,0.6442,0.3466,0.8139,0,0.4365,
O595,W015,W067,A,A,1,0,1,0.98,0.9412,0.6335,-0.9274,0.8552,1,0.5134,1.0
O596,W030,W009,A,A,1,0,0,0.9419,0.967,0.6353,0.2279,0.5487,0,0.6125,
O597,W015,W002,A,A,1,0,0,0.78,0.9134,0.6335,0.9833,0.5154,1,0.6379,1.0
O598,W065,W069,A,A,1,0,0,0.98,0.98,0.7227,1.3395,0.568,0,0.705,
O599,W015,W047,A,B,0,1,0,0.1494,0.7212,0.6335,-0.2352,0.324,0,0.2918,
O600,W024,W022,A,A,1,0,0,0.8934,0.98,0.6299,0.3044,0.5381,0,0.6163,
O601,W021,W053,A,B,0,1,0,0.3421,0.2592,0.7277,-0.1309,0.3713,1,0.2132,0.0
O602,W030,W035,A,B,0,1,0,0.2266,0.5964,0.6353,0.7936,0.3382,1,0.3437,0.0
O603,W015,W010,A,B,0,1,0,0.7125,0.5799,0.6335,-1.6016,0.432,0,0.2265,
O604,W024,W053,A,B,0,1,0,0.6441,0.4033,0.6299,-0.1309,0.4178,1,0.2738,0.0
O605,W021,W035,A,B,0,1,0,0.4327,0.8817,0.7277,0.7936,0.3888,0,0.4509,
O606,W068,W044,A,A,1,0,0,0.849,0.6355,0.6369,-0.3621,0.53,0,0.4529,
O607,W023,W013,A,B,0,1,0,0.5333,0.6713,0.6412,-0.0652,0.3974,0,0.3342,
O608,W054,W036,A,B,0,1,1,0.6927,0.7078,0.7587,-0.1461,0.7905,0,0.3566,
O609,W065,W026,A,B,0,1,1,0.8599,0.8076,0.7227,0.1309,0.8093,0,0.4282,
O610,W022,W071,A,A,1,0,0,0.648,0.98,0.7786,2.0341,0.508,0,0.718,
O611,W065,W042,A,B,0,1,0,0.5301,0.6593,0.7227,0.4482,0.4073,0,0.3703,
O612,W068,W040,A,A,1,0,1,0.9527,0.6899,0.6369,0.2694,0.8526,1,0.5362,1.0
O613,W015,W030,A,A,1,0,0,0.6281,0.6444,0.6335,1.0245,0.4843,1,0.5445,0.0
O614,W024,W002,A,A,1,0,0,0.7214,0.9074,0.6299,0.9833,0.5029,0,0.6291,
O615,W022,W034,A,A,1,0,0,0.712,0.8068,0.7786,0.1558,0.5211,1,0.5303,1.0
O616,W015,W013,A,B,0,1,0,0.238,0.5225,0.6335,-0.0652,0.3401,0,0.2647,
O617,W054,W031,A,A,1,0,0,0.6237,0.9125,0.7587,0.288,0.5003,0,0.5615,
O618,W012,W063,A,B,0,1,0,0.5481,0.6443,0.6642,0.2183,0.4033,0,0.3503,
O619,W046,W017,B,A,0,1,0,0.3463,0.5369,0.6458,-0.2193,0.3619,0,0.31,
O620,W014,W042,A,B,0,1,1,0.8151,0.6119,0.6318,0.4482,0.7957,1,0.3919,0.0
O621,W022,W063,A,B,0,1,0,0.7022,0.9531,0.7786,0.2183,0.4492,0,0.4584,
O622,W058,W021,A,A,1,0,1,0.98,0.9536,0.683,1.6777,0.8584,1,0.722,1.0
O623,W045,W032,B,B,1,0,0,0.7167,0.7295,0.6479,0.0421,0.5044,1,0.4483,1.0
O624,W014,W019,A,A,1,0,0,0.4694,0.6994,0.6318,0.295,0.4517,1,0.4784,1.0
O625,W058,W021,A,A,1,0,1,0.98,0.98,0.683,1.6777,0.8584,1,0.7283,1.0
O626,W065,W066,A,B,0,1,0,0.5677,0.8006,0.7227,0.1711,0.4148,1,0.3927,0.0
O627,W030,W034,A,A,1,0,0,0.6089,0.6372,0.6353,0.1558,0.4806,0,0.4661,
O628,W058,W008,A,B,0,1,1,0.98,0.9436,0.683,0.4683,0.8209,1,0.5128,0.0
O629,W021,W002,A,A,1,0,0,0.7002,0.9747,0.7277,0.9833,0.5118,1,0.6452,0.0
O630,W023,W068,A,A,1,0,0,0.98,0.8042,0.6412,0.2865,0.5572,1,0.5749,1.0
O631,W015,W060,A,A,1,0,0,0.9056,0.8253,0.6335,0.2333,0.5411,1,0.5673,0.0
O632,W023,W056,A,B,0,1,0,0.5806,0.6558,0.6412,0.6445,0.4067,1,0.3913,0.0
O633,W024,W023,A,A,1,0,0,0.882,0.7584,0.6299,0.8289,0.5358,1,0.594,1.0
O634,W069,W068,A,A,1,0,0,0.7858,0.6965,0.6442,0.2865,0.5181,1,0.518,0.0
O635,W068,W027,A,A,1,0,0,0.74,0.7716,0.6369,0.5943,0.5077,1,0.5604,1.0
O636,W030,W068,A,A,1,0,1,0.9398,0.98,0.6353,0.2865,0.8512,1,0.6206,1.0
O637,W024,W040,A,A,1,0,0,0.9212,0.98,0.6299,0.2694,0.5438,0,0.6169,
O638,W012,W004,A,A,1,0,1,0.8652,0.98,0.6642,1.0548,0.8453,1,0.6714,1.0
O639,W046,W027,B,A,0,1,0,0.4345,0.5471,0.6458,0.5943,0.3787,0,0.3857,
O640,W030,W002,A,A,1,0,0,0.3503,0.4359,0.6353,0.9833,0.4281,0,0.4426,
