student_id,cohort,section,female,role_model_exposure,baseline_gpa,prior_quant_index,belonging_index,expected_returns_index,economics_major
1,2,2,0,0,2.5532,0.3228,0.4058,0.5659,0
2,3,3,1,1,2.8219,0.3592,0.7461,0.5381,1
3,4,4,0,1,2.9903,0.4504,0.3611,0.5673,1
4,5,5,1,0,3.1290,0.5617,0.5336,0.5477,1
5,6,6,0,0,2.5117,0.6052,0.4652,0.4437,1
6,1,7,1,0,2.2043,0.6403,0.4142,0.5184,0
7,2,8,0,0,2.6171,0.3863,0.3169,0.5581,1
8,3,9,1,1,2.7702,0.4238,0.8762,0.6297,1
9,4,10,0,1,2.7277,0.4060,0.3453,0.5163,1
10,5,11,1,0,2.3664,0.4361,0.4476,0.5839,1
11,6,12,0,0,2.2405,0.5033,0.3872,0.5372,1
12,1,13,1,0,2.7494,0.5430,0.3842,0.5415,0
13,2,14,0,0,2.9189,0.6166,0.3730,0.5611,0
14,3,15,1,1,2.9160,0.2657,0.6744,0.6246,1
15,4,16,0,1,2.4036,0.2926,0.2804,0.7480,0
16,5,17,1,0,2.7458,0.3765,0.3366,0.5249,1
17,6,18,0,0,2.6248,0.5116,0.4108,0.5713,0
18,1,1,1,0,2.7348,0.4613,0.3425,0.4566,0
19,2,2,0,0,3.0941,0.5081,0.4007,0.5546,0
20,3,3,1,1,2.4808,0.5648,0.6676,0.6130,1
21,4,4,0,1,2.2296,0.2827,0.4188,0.5867,0
22,5,5,1,0,2.3133,0.3556,0.5850,0.4768,1
23,6,6,0,0,3.1404,0.4829,0.3817,0.4723,0
24,1,7,1,0,2.8580,0.4588,0.3666,0.5821,1
25,2,8,0,0,2.4211,0.4514,0.2776,0.5842,1
26,3,9,1,1,2.3986,0.5660,0.6176,0.5550,1
27,4,10,0,1,2.7622,0.6884,0.2737,0.6916,0
28,5,11,1,0,3.2262,0.2987,0.4247,0.5165,0
29,6,12,0,0,2.8961,0.4032,0.4365,0.5200,1
30,1,13,1,0,2.3754,0.3810,0.5132,0.5189,0
31,2,14,0,0,2.6210,0.3967,0.2400,0.6798,0
32,3,15,1,1,2.3667,0.4136,0.5704,0.6963,1
33,4,16,0,1,2.9648,0.5845,0.3609,0.5850,0
34,5,17,1,0,3.2627,0.6141,0.5928,0.5822,1
35,6,18,0,0,2.1648,0.3147,0.5120,0.5195,0
36,1,1,1,0,2.5409,0.3598,0.4627,0.5183,1
37,2,2,0,0,2.4939,0.5359,0.3815,0.6337,0
38,3,3,1,1,2.8379,0.4086,0.5416,0.6275,0
39,4,4,0,1,2.8529,0.5136,0.3052,0.6792,0
40,5,5,1,0,2.6449,0.6023,0.5409,0.4173,0
41,6,6,0,0,2.5089,0.6922,0.2673,0.4816,1
42,1,7,1,0,2.6936,0.3162,0.3557,0.4997,0
43,2,8,0,0,2.7792,0.3203,0.3700,0.5692,0
44,3,9,1,1,3.2658,0.3230,0.8351,0.5999,1
45,4,10,0,1,2.4212,0.3552,0.2708,0.6956,1
46,5,11,1,0,2.4924,0.5334,0.4546,0.3887,0
47,6,12,0,0,2.2327,0.5587,0.3022,0.4822,1
48,1,13,1,0,2.9326,0.6727,0.5327,0.5057,1
49,2,14,0,0,2.8100,0.3019,0.2550,0.4923,0
50,3,15,1,1,2.2018,0.3458,0.7415,0.6335,1
51,4,16,0,1,2.4263,0.4313,0.2782,0.5765,0
52,5,17,1,0,2.8942,0.5152,0.4947,0.4833,0
53,6,18,0,0,2.9253,0.5554,0.3522,0.5272,0
54,1,1,1,0,3.0873,0.5494,0.4057,0.5216,1
55,2,2,0,0,2.4184,0.7366,0.2758,0.5841,1
56,3,3,1,1,2.3357,0.2536,0.6626,0.5711,0
57,4,4,0,1,2.7458,0.5184,0.2975,0.6744,0
58,5,5,1,0,3.0503,0.3007,0.5051,0.5243,1
59,6,6,0,0,2.9763,0.4656,0.3611,0.5187,0
60,1,7,1,0,1.9117,0.4980,0.4118,0.5403,0
61,2,8,0,0,2.6326,0.6854,0.4562,0.4963,1
62,3,9,1,1,2.7720,0.5964,0.7534,0.5749,1
63,4,10,0,1,2.8365,0.2290,0.4300,0.6250,0
64,5,11,1,0,2.6832,0.3724,0.4720,0.3725,1
65,6,12,0,0,2.2815,0.3959,0.3704,0.5146,1
66,1,13,1,0,2.5075,0.4760,0.2441,0.6306,0
67,2,14,0,0,2.7756,0.4111,0.3692,0.4924,1
68,3,15,1,1,2.7492,0.4563,0.6521,0.7571,1
69,4,16,0,1,2.8017,0.5726,0.2879,0.6165,1
70,5,17,1,0,2.2369,0.2018,0.2505,0.6049,0
71,6,18,0,0,2.2990,0.4006,0.4194,0.4582,0
72,1,1,1,0,2.4400,0.3625,0.3854,0.5733,1
73,2,2,0,0,3.0363,0.4609,0.3480,0.5510,0
74,3,3,1,1,3.1529,0.7173,0.6106,0.5805,1
75,4,4,0,1,2.2394,0.6063,0.3527,0.6125,0
76,5,5,1,0,2.7825,0.6868,0.3235,0.5760,1
77,6,6,0,0,2.9571,0.3271,0.3941,0.5795,0
78,1,7,1,0,3.1755,0.4235,0.3236,0.4834,1
79,2,8,0,0,2.8185,0.4160,0.2615,0.4957,0
80,3,9,1,1,2.7591,0.3306,0.7493,0.5841,1
81,4,10,0,1,2.2840,0.5632,0.3512,0.6230,0
82,5,11,1,0,2.8104,0.5153,0.5276,0.5199,1
83,6,12,0,0,2.5667,0.5856,0.3655,0.5024,0
84,1,13,1,0,3.1388,0.2730,0.4246,0.4353,1
85,2,14,0,0,2.4132,0.3024,0.3239,0.4679,0
86,3,15,1,1,2.3797,0.3879,0.7457,0.6256,1
87,4,16,0,1,2.3107,0.4365,0.4129,0.6660,1
88,5,17,1,0,2.9706,0.5052,0.3558,0.5355,0
89,6,18,0,0,3.0142,0.4445,0.3963,0.5933,0
90,1,1,1,0,2.3302,0.5467,0.5307,0.5577,0
91,2,2,0,0,2.5885,0.2271,0.3208,0.5041,1
92,3,3,1,1,2.4671,0.3791,0.7294,0.6831,1
93,4,4,0,1,2.7719,0.3531,0.3063,0.6325,0
94,5,5,1,0,3.0168,0.4911,0.4079,0.4312,0
95,6,6,0,0,2.3139,0.5483,0.3802,0.4470,0
96,1,7,1,0,2.1846,0.5215,0.3248,0.5264,1
97,2,8,0,0,2.6657,0.7050,0.4810,0.5341,0
98,3,9,1,1,2.9303,0.2359,0.6078,0.5494,1
99,4,10,0,1,3.3167,0.3074,0.4597,0.5828,0
100,5,11,1,0,2.2563,0.3097,0.3563,0.3908,0
101,6,12,0,0,2.6383,0.6030,0.2619,0.4705,1
102,1,13,1,0,2.6774,0.5988,0.4943,0.6585,1
103,2,14,0,0,2.8948,0.6061,0.3239,0.5255,0
104,3,15,1,1,2.8020,0.5627,0.7002,0.5474,0
105,4,16,0,1,2.2235,0.2856,0.4370,0.6312,0
106,5,17,1,0,2.1570,0.3984,0.4211,0.6140,0
107,6,18,0,0,2.6885,0.4578,0.2541,0.5165,1
108,1,1,1,0,2.8868,0.4842,0.3835,0.4761,1
109,2,2,0,0,2.9455,0.5644,0.3395,0.6063,0
110,3,3,1,1,2.3984,0.5851,0.6142,0.6612,1
111,4,4,0,1,2.5787,0.5235,0.3016,0.5873,1
112,5,5,1,0,2.5412,0.1798,0.4464,0.5276,0
113,6,6,0,0,2.7945,0.3804,0.2350,0.5060,0
114,1,7,1,0,2.9852,0.4893,0.4421,0.4556,1
115,2,8,0,0,2.0891,0.4015,0.2265,0.5989,0
116,3,9,1,1,2.4167,0.5470,0.7104,0.6830,1
117,4,10,0,1,2.6074,0.6236,0.3914,0.6072,0
118,5,11,1,0,2.8968,0.6846,0.4526,0.5437,0
119,6,12,0,0,3.1414,0.2346,0.2107,0.5636,0
120,1,13,1,0,2.4960,0.2721,0.3467,0.5499,0
121,2,14,0,0,2.5742,0.3425,0.2005,0.4993,1
122,3,15,1,1,2.7893,0.3704,0.7180,0.6421,0
123,4,16,0,1,2.9056,0.5242,0.3190,0.5585,0
124,5,17,1,0,3.3568,0.5217,0.4212,0.4733,1
125,6,18,0,0,2.2507,0.6908,0.3779,0.5425,1
126,1,1,1,0,2.3699,0.3600,0.6038,0.5205,1
127,2,2,0,0,2.6711,0.3609,0.4257,0.5523,1
128,3,3,1,1,2.6926,0.3322,0.6980,0.5858,1
129,4,4,0,1,3.3501,0.4276,0.3398,0.6690,0
130,5,5,1,0,2.2044,0.5807,0.3552,0.4695,0
131,6,6,0,0,2.5378,0.4938,0.3434,0.5152,0
132,1,7,1,0,2.9081,0.5679,0.3789,0.5483,1
133,2,8,0,0,2.9783,0.1550,0.1911,0.3941,1
134,3,9,1,1,2.7371,0.3106,0.6226,0.5680,0
135,4,10,0,1,2.2418,0.3813,0.3338,0.6623,0
136,5,11,1,0,2.6613,0.3996,0.5481,0.4289,1
137,6,12,0,0,2.4038,0.5265,0.2995,0.6404,0
138,1,13,1,0,2.9515,0.5195,0.3633,0.6387,0
139,2,14,0,0,3.3891,0.6338,0.3290,0.6222,0
140,3,15,1,1,2.4418,0.2633,0.6738,0.6041,0
141,4,16,0,1,2.3088,0.3465,0.3365,0.5340,0
142,5,17,1,0,2.6936,0.4424,0.3572,0.5709,1
143,6,18,0,0,2.8954,0.3470,0.2552,0.4515,1
144,1,1,1,0,3.1665,0.4216,0.3693,0.4488,0
145,2,2,0,0,2.3249,0.6955,0.3755,0.4823,0
146,3,3,1,1,2.4424,0.5976,0.7526,0.6406,1
147,4,4,0,1,2.4906,0.2701,0.2987,0.5206,0
148,5,5,1,0,2.9134,0.2928,0.4313,0.4182,1
149,6,6,0,0,2.8996,0.4494,0.4221,0.4918,0
150,1,7,1,0,2.1768,0.5040,0.5050,0.5936,1
151,2,8,0,0,2.4456,0.5660,0.3394,0.4793,0
152,3,9,1,1,2.7559,0.5328,0.6664,0.6515,0
153,4,10,0,1,2.8423,0.5702,0.2811,0.7001,0
154,5,11,1,0,2.8793,0.2858,0.6098,0.4671,1
155,6,12,0,0,2.3229,0.2807,0.2310,0.5395,0
156,1,13,1,0,2.2994,0.3700,0.3856,0.5369,0
157,2,14,0,0,2.5594,0.4111,0.4644,0.5181,0
158,3,15,1,1,3.1555,0.5290,0.7376,0.5282,1
159,4,16,0,1,2.9497,0.5924,0.3651,0.5587,0
160,5,17,1,0,2.0869,0.6629,0.4812,0.5120,0
161,6,18,0,0,2.2060,0.2436,0.2719,0.4784,0
162,1,1,1,0,2.6431,0.4135,0.4981,0.5106,1
163,2,2,0,0,2.8510,0.3723,0.5755,0.5039,0
164,3,3,1,1,3.3176,0.5353,0.7060,0.6416,1
165,4,4,0,1,2.1852,0.5708,0.3279,0.6019,0
166,5,5,1,0,2.5042,0.5755,0.4338,0.6120,0
167,6,6,0,0,3.0862,0.5239,0.3776,0.5073,1
168,1,7,1,0,2.8893,0.3247,0.6434,0.6165,0
169,2,8,0,0,3.2586,0.2837,0.4757,0.5610,0
170,3,9,1,1,2.2363,0.3661,0.7415,0.6190,1
171,4,10,0,1,2.5335,0.3576,0.4404,0.6538,0
172,5,11,1,0,2.5171,0.5702,0.3561,0.4940,1
173,6,12,0,0,2.9919,0.6190,0.3720,0.4983,1
174,1,13,1,0,3.0950,0.6873,0.4188,0.5303,1
175,2,14,0,0,2.1891,0.3977,0.4050,0.4814,1
176,3,15,1,1,2.9191,0.4621,0.6955,0.6590,1
177,4,16,0,1,2.6138,0.4175,0.2883,0.6629,0
178,5,17,1,0,3.1136,0.4326,0.5248,0.5592,0
179,6,18,0,0,2.9888,0.5795,0.2249,0.5764,0
180,1,1,1,0,2.1937,0.6163,0.3496,0.5793,0
181,2,2,0,0,2.2574,0.5774,0.3019,0.6002,0
182,3,3,1,1,2.9065,0.3556,0.7298,0.5685,1
183,4,4,0,1,3.1418,0.3573,0.3802,0.6988,0
184,5,5,1,0,3.0340,0.2350,0.4921,0.4682,1
185,6,6,0,0,2.4289,0.4721,0.4599,0.5304,0
186,1,7,1,0,2.7359,0.5647,0.3425,0.6171,0
187,2,8,0,0,2.6586,0.4839,0.4082,0.5299,0
188,3,9,1,1,2.9575,0.6617,0.6509,0.6851,1
189,4,10,0,1,2.8879,0.2451,0.3545,0.6081,1
190,5,11,1,0,2.3673,0.2627,0.3273,0.5765,1
191,6,12,0,0,2.4162,0.4622,0.2797,0.4418,1
192,1,13,1,0,2.3873,0.3810,0.4027,0.5568,1
193,2,14,0,0,2.8906,0.4652,0.3278,0.4468,0
194,3,15,1,1,2.8538,0.6318,0.7549,0.6297,1
195,4,16,0,1,2.3600,0.6501,0.3399,0.5778,0
196,5,17,1,0,2.1495,0.3148,0.3985,0.5382,0
197,6,18,0,0,2.8332,0.3533,0.3086,0.6044,0
198,1,1,1,0,2.9789,0.4023,0.4140,0.5007,1
199,2,2,0,0,2.8520,0.3912,0.3079,0.5214,0
200,3,3,1,1,2.5697,0.3822,0.6731,0.6785,0
201,4,4,0,1,2.0201,0.6054,0.3028,0.6526,0
202,5,5,1,0,2.5071,0.6347,0.6014,0.5974,1
203,6,6,0,0,2.7970,0.2133,0.2807,0.5010,1
204,1,7,1,0,3.0641,0.2128,0.3799,0.4313,0
205,2,8,0,0,2.2413,0.4167,0.4876,0.4493,1
206,3,9,1,1,2.6080,0.4282,0.6858,0.5838,0
207,4,10,0,1,2.5280,0.4717,0.2737,0.6829,1
208,5,11,1,0,2.5981,0.5774,0.5418,0.5606,1
209,6,12,0,0,3.2466,0.6332,0.3364,0.5397,0
210,1,13,1,0,2.2136,0.2825,0.4362,0.6470,0
211,2,14,0,0,2.0364,0.2956,0.3180,0.4844,0
212,3,15,1,1,2.6669,0.2720,0.6519,0.6636,0
213,4,16,0,1,3.0900,0.5420,0.4679,0.6648,1
214,5,17,1,0,2.6726,0.4848,0.3616,0.6127,0
215,6,18,0,0,2.1523,0.6802,0.3392,0.4758,0
216,1,1,1,0,2.6764,0.6483,0.4134,0.4051,0
217,2,2,0,0,2.9660,0.3139,0.3011,0.3697,0
218,3,3,1,1,2.5410,0.2923,0.7121,0.7014,0
219,4,4,0,1,3.2146,0.3742,0.2908,0.5515,1
220,5,5,1,0,2.2573,0.4532,0.4893,0.4884,1
221,6,6,0,0,2.6036,0.4529,0.4174,0.4038,0
222,1,7,1,0,2.6705,0.6528,0.3394,0.6087,1
223,2,8,0,0,2.8395,0.6061,0.2661,0.5810,1
224,3,9,1,1,3.2593,0.2799,0.6958,0.6299,0
225,4,10,0,1,2.2412,0.3796,0.2541,0.5994,1
226,5,11,1,0,2.5983,0.3706,0.3026,0.3762,0
227,6,12,0,0,2.8838,0.4943,0.4022,0.5114,0
228,1,13,1,0,2.9562,0.4660,0.3758,0.4774,1
229,2,14,0,0,3.0556,0.4800,0.2282,0.5429,1
230,3,15,1,1,2.2412,0.5953,0.6397,0.5604,0
231,4,16,0,1,2.5197,0.2324,0.3956,0.6015,1
232,5,17,1,0,2.7077,0.3349,0.4847,0.5921,0
233,6,18,0,0,2.6746,0.4385,0.2613,0.5654,0
234,1,1,1,0,3.0006,0.5671,0.3898,0.4242,1
235,2,2,0,0,2.0796,0.5423,0.4257,0.4652,0
236,3,3,1,1,2.3356,0.6348,0.6570,0.7093,1
237,4,4,0,1,2.3809,0.6041,0.3807,0.6305,0
238,5,5,1,0,2.5995,0.4038,0.3004,0.5530,0
239,6,6,0,0,2.6505,0.3526,0.3842,0.4302,0
240,1,7,1,0,2.5914,0.3909,0.3585,0.5749,0
241,2,8,0,0,2.3716,0.5767,0.2242,0.3965,0
242,3,9,1,1,2.6409,0.5356,0.6543,0.6942,1
243,4,10,0,1,3.0276,0.5529,0.4220,0.6773,1
244,5,11,1,0,3.1824,0.5655,0.5366,0.6247,1
245,6,12,0,0,2.4237,0.3265,0.2861,0.5372,0
246,1,13,1,0,2.3532,0.3995,0.4296,0.5597,1
247,2,14,0,0,2.7614,0.4237,0.3182,0.5210,1
248,3,15,1,1,2.6754,0.4313,0.5821,0.5524,1
249,4,16,0,1,2.7855,0.4243,0.3115,0.5578,1
250,5,17,1,0,1.9435,0.5019,0.3980,0.6157,0
251,6,18,0,0,2.6150,0.6654,0.3442,0.5671,0
252,1,1,1,0,2.6413,0.3177,0.4622,0.6132,1
253,2,2,0,0,3.0678,0.2345,0.2934,0.5413,0
254,3,3,1,1,2.9894,0.3700,0.7474,0.6357,1
255,4,4,0,1,2.1019,0.4376,0.2859,0.6194,0
256,5,5,1,0,2.3266,0.5776,0.4634,0.4977,0
257,6,6,0,0,2.6053,0.5000,0.4171,0.4995,0
258,1,7,1,0,2.8009,0.6995,0.3289,0.5552,1
259,2,8,0,0,3.0944,0.2524,0.3549,0.5812,0
260,3,9,1,1,2.3463,0.4259,0.6161,0.7313,0
261,4,10,0,1,2.7231,0.4818,0.1446,0.6201,1
262,5,11,1,0,2.5598,0.4458,0.4776,0.5568,1
263,6,12,0,0,2.8843,0.4820,0.3523,0.4967,1
264,1,13,1,0,3.1330,0.4960,0.4448,0.5240,0
265,2,14,0,0,2.0067,0.6551,0.5026,0.5004,0
266,3,15,1,1,2.3192,0.2864,0.5898,0.6251,0
267,4,16,0,1,2.4851,0.4559,0.3365,0.6141,0
268,5,17,1,0,3.0545,0.3374,0.4806,0.4978,0
269,6,18,0,0,2.8821,0.4001,0.3493,0.4900,0
270,1,1,1,0,2.4088,0.5083,0.3624,0.5949,1
271,2,2,0,0,2.8190,0.5444,0.4406,0.6806,0
272,3,3,1,1,2.6907,0.6821,0.7590,0.6301,1
273,4,4,0,1,2.7846,0.3792,0.3965,0.5926,1
274,5,5,1,0,2.7387,0.3398,0.4951,0.4866,1
275,6,6,0,0,2.1889,0.2846,0.3796,0.4837,0
276,1,7,1,0,2.3815,0.4633,0.4563,0.5290,0
277,2,8,0,0,2.5394,0.5095,0.3040,0.4545,0
278,3,9,1,1,3.0150,0.5643,0.5807,0.6247,1
279,4,10,0,1,3.1677,0.6119,0.3094,0.6043,0
280,5,11,1,0,2.1811,0.2531,0.4439,0.5516,1
281,6,12,0,0,2.1135,0.3428,0.4976,0.5542,0
282,1,13,1,0,2.7191,0.3583,0.4121,0.4240,0
283,2,14,0,0,2.6823,0.5132,0.3978,0.4434,1
284,3,15,1,1,3.0790,0.4750,0.6123,0.5894,1
285,4,16,0,1,2.3308,0.5302,0.3221,0.7251,0
286,5,17,1,0,2.5690,0.6924,0.4943,0.5329,1
287,6,18,0,0,2.5302,0.2080,0.3497,0.5225,0
288,1,1,1,0,2.9328,0.3185,0.4400,0.5416,0
289,2,2,0,0,3.0579,0.4304,0.4888,0.5096,0
290,3,3,1,1,2.3218,0.4153,0.6582,0.5978,1
291,4,4,0,1,2.5908,0.5694,0.3206,0.6181,0
292,5,5,1,0,2.9664,0.6921,0.5227,0.6019,0
293,6,6,0,0,2.9534,0.5681,0.4113,0.4759,0
294,1,7,1,0,3.0214,0.2755,0.4549,0.5668,0
295,2,8,0,0,2.2725,0.3850,0.4874,0.4175,0
296,3,9,1,1,2.7051,0.3951,0.7031,0.6185,1
297,4,10,0,1,2.7054,0.5245,0.2098,0.6593,1
298,5,11,1,0,3.2536,0.4785,0.2508,0.4804,0
299,6,12,0,0,2.9853,0.6168,0.4894,0.5857,0
300,1,13,1,0,2.3812,0.6162,0.5221,0.4670,0
301,2,14,0,0,2.3509,0.2198,0.2961,0.5231,0
302,3,15,1,1,2.5907,0.3519,0.7265,0.5576,0
303,4,16,0,1,2.5631,0.4086,0.2573,0.5771,1
304,5,17,1,0,3.0434,0.4756,0.4615,0.4466,1
305,6,18,0,0,1.9140,0.4485,0.4315,0.6528,1
306,1,1,1,0,2.9664,0.6412,0.4497,0.4382,0
307,2,2,0,0,2.4343,0.5719,0.3652,0.3505,0
308,3,3,1,1,2.7131,0.3037,0.8417,0.5922,1
309,4,4,0,1,3.0583,0.3990,0.2805,0.7144,0
310,5,5,1,0,2.5364,0.3827,0.4865,0.5282,1
311,6,6,0,0,2.6603,0.3676,0.4670,0.3410,0
312,1,7,1,0,2.5464,0.4348,0.4405,0.5627,0
313,2,8,0,0,2.7506,0.5223,0.2553,0.5773,0
314,3,9,1,1,3.0630,0.5712,0.5386,0.6124,1
315,4,10,0,1,2.2808,0.3236,0.2156,0.5736,0
316,5,11,1,0,2.5031,0.3317,0.4802,0.5271,1
317,6,12,0,0,2.6789,0.3717,0.3506,0.5711,0
318,1,13,1,0,2.8750,0.4322,0.3573,0.5358,0
319,2,14,0,0,2.7415,0.4889,0.3455,0.4804,0
320,3,15,1,1,2.3777,0.5354,0.6973,0.6867,0
321,4,16,0,1,2.0954,0.6786,0.4045,0.6249,0
322,5,17,1,0,2.6884,0.2516,0.4277,0.5609,1
323,6,18,0,0,3.0457,0.3114,0.3461,0.5410,1
324,1,1,1,0,3.2039,0.4413,0.5422,0.5303,0
325,2,2,0,0,2.4066,0.4380,0.1856,0.5286,0
326,3,3,1,1,2.6085,0.4375,0.6461,0.5706,1
327,4,4,0,1,2.5598,0.5615,0.2886,0.6467,1
328,5,5,1,0,2.9717,0.6731,0.4948,0.5552,1
329,6,6,0,0,3.1032,0.2420,0.4382,0.4675,1
330,1,7,1,0,2.0293,0.3003,0.4479,0.5270,0
331,2,8,0,0,2.1966,0.5075,0.3315,0.5738,1
332,3,9,1,1,2.5590,0.4994,0.7457,0.6211,1
333,4,10,0,1,2.3623,0.4906,0.3044,0.5105,0
334,5,11,1,0,3.0944,0.5289,0.5960,0.5903,1
335,6,12,0,0,2.2829,0.5619,0.2245,0.5325,0
336,1,13,1,0,2.4565,0.3317,0.4630,0.5860,0
337,2,14,0,0,2.6295,0.2338,0.2855,0.5355,0
338,3,15,1,1,2.9759,0.4327,0.6664,0.6047,1
339,4,16,0,1,3.2727,0.4298,0.1828,0.5111,0
340,5,17,1,0,2.2286,0.4128,0.4755,0.5623,0
341,6,18,0,0,2.3422,0.5252,0.3956,0.5709,0
342,1,1,1,0,2.6817,0.7157,0.4153,0.4935,0
343,2,2,0,0,2.8938,0.1978,0.2999,0.5774,0
344,3,3,1,1,3.1197,0.3311,0.7722,0.5373,1
345,4,4,0,1,1.9425,0.3897,0.2512,0.6180,1
346,5,5,1,0,2.3130,0.3535,0.4024,0.4832,0
347,6,6,0,0,2.6726,0.5178,0.3350,0.6049,0
348,1,7,1,0,2.7617,0.5083,0.4116,0.6280,0
349,2,8,0,0,2.7270,0.6033,0.3987,0.4873,0
350,3,9,1,1,2.3597,0.2405,0.6173,0.5785,0
351,4,10,0,1,2.4688,0.4078,0.2498,0.7016,1
352,5,11,1,0,2.9716,0.3622,0.4989,0.4264,1
353,6,12,0,0,3.0891,0.4340,0.3736,0.5835,0
354,1,13,1,0,2.9942,0.4907,0.3039,0.4491,1
355,2,14,0,0,2.1562,0.6285,0.2572,0.5475,0
356,3,15,1,1,2.3424,0.6095,0.7063,0.5042,1
357,4,16,0,1,2.9629,0.2774,0.2381,0.6190,0
358,5,17,1,0,2.7781,0.2933,0.3994,0.4605,0
359,6,18,0,0,2.9937,0.4448,0.2837,0.5983,0
360,1,1,1,0,2.0024,0.4222,0.5610,0.4042,0
361,2,2,0,0,2.5030,0.4736,0.3898,0.5278,1
362,3,3,1,1,2.4929,0.5142,0.7832,0.6554,1
363,4,4,0,1,2.9631,0.5290,0.3435,0.5716,1
364,5,5,1,0,2.7166,0.2168,0.4114,0.5178,0
365,6,6,0,0,2.3863,0.3483,0.3813,0.4666,0
366,1,7,1,0,2.2638,0.4593,0.4570,0.5013,1
367,2,8,0,0,2.8078,0.3410,0.3902,0.4971,0
368,3,9,1,1,2.5603,0.5154,0.8035,0.5824,1
369,4,10,0,1,3.1265,0.7003,0.3759,0.5775,1
370,5,11,1,0,2.3211,0.6415,0.5167,0.6316,0
371,6,12,0,0,2.3176,0.2218,0.3086,0.5315,1
372,1,13,1,0,2.7883,0.3330,0.4191,0.5022,0
373,2,14,0,0,2.9526,0.3829,0.4209,0.4862,0
374,3,15,1,1,3.4555,0.4092,0.8246,0.5510,1
375,4,16,0,1,2.1904,0.4687,0.3156,0.6137,0
376,5,17,1,0,2.7068,0.4791,0.4347,0.5073,0
377,6,18,0,0,2.9269,0.6052,0.2824,0.5695,0
378,1,1,1,0,2.8230,0.2024,0.4069,0.5254,1
379,2,2,0,0,3.2063,0.3742,0.2800,0.5139,0
380,3,3,1,1,2.2126,0.4670,0.7580,0.5878,1
381,4,4,0,1,2.5789,0.4548,0.2957,0.6284,1
382,5,5,1,0,2.7120,0.6505,0.4578,0.5577,0
383,6,6,0,0,2.7331,0.4767,0.4061,0.4932,0
384,1,7,1,0,3.0913,0.5671,0.4361,0.4986,1
385,2,8,0,0,2.0849,0.2010,0.4396,0.4367,0
386,3,9,1,1,2.5862,0.3740,0.9250,0.6597,0
387,4,10,0,1,2.7994,0.3917,0.3870,0.6128,0
388,5,11,1,0,2.6990,0.5022,0.3583,0.4780,1
389,6,12,0,0,3.0787,0.4909,0.3791,0.5715,0
390,1,13,1,0,2.0280,0.6373,0.5120,0.4457,0
391,2,14,0,0,2.4517,0.6403,0.2871,0.5894,0
392,3,15,1,1,2.8328,0.4143,0.6265,0.5733,0
393,4,16,0,1,2.7976,0.3099,0.2464,0.6367,0
394,5,17,1,0,3.1604,0.3570,0.4410,0.6463,1
395,6,18,0,0,2.1265,0.4209,0.1687,0.4884,0
396,1,1,1,0,2.2989,0.6039,0.3647,0.6398,1
397,2,2,0,0,2.3120,0.5031,0.2113,0.5639,0
398,3,3,1,1,2.7474,0.5724,0.7769,0.5557,1
399,4,4,0,1,3.2225,0.3003,0.4363,0.5759,0
400,5,5,1,0,2.2277,0.4117,0.4820,0.5248,0
401,6,6,0,0,2.5960,0.4113,0.2504,0.5228,0
402,1,7,1,0,2.8414,0.5629,0.4272,0.5777,1
403,2,8,0,0,3.0029,0.5030,0.3341,0.5395,1
404,3,9,1,1,3.0626,0.5353,0.5235,0.6529,1
405,4,10,0,1,2.2946,0.7531,0.4988,0.6675,0
406,5,11,1,0,2.3231,0.3105,0.4503,0.5495,0
407,6,12,0,0,2.9089,0.2911,0.3198,0.5032,0
408,1,13,1,0,3.1751,0.3613,0.3072,0.5665,1
409,2,14,0,0,3.2621,0.4003,0.4013,0.5044,0
410,3,15,1,1,2.0828,0.5180,0.6672,0.7342,1
411,4,16,0,1,2.5748,0.5561,0.2970,0.5669,0
412,5,17,1,0,2.3100,0.6043,0.5240,0.4879,0
413,6,18,0,0,3.0221,0.1249,0.3466,0.4351,1
414,1,1,1,0,3.2562,0.4087,0.5303,0.5496,0
415,2,2,0,0,2.2697,0.5026,0.2931,0.5006,0
416,3,3,1,1,2.4709,0.3691,0.7422,0.6002,0
417,4,4,0,1,2.8402,0.4122,0.2616,0.6746,0
418,5,5,1,0,2.6988,0.4821,0.3518,0.6034,0
419,6,6,0,0,3.2206,0.5630,0.3953,0.5325,1
420,1,7,1,0,2.3769,0.3589,0.5565,0.4758,0
421,2,8,0,0,2.5663,0.3954,0.2099,0.5745,0
422,3,9,1,1,2.5036,0.3475,0.6180,0.6431,1
423,4,10,0,1,2.9769,0.3806,0.3553,0.6618,1
424,5,11,1,0,3.3977,0.5753,0.6079,0.4869,1
425,6,12,0,0,2.3766,0.5010,0.2279,0.5909,1
426,1,13,1,0,2.6426,0.6471,0.3701,0.4853,0
427,2,14,0,0,2.6385,0.3163,0.2818,0.4910,0
428,3,15,1,1,2.9869,0.3217,0.5944,0.6028,1
429,4,16,0,1,2.9201,0.3614,0.4029,0.5712,1
430,5,17,1,0,1.9185,0.3044,0.4839,0.4677,0
431,6,18,0,0,2.6561,0.4316,0.4263,0.4744,1
432,1,1,1,0,3.0059,0.5821,0.4465,0.4897,0
433,2,2,0,0,3.0336,0.6987,0.4074,0.4228,0
434,3,3,1,1,3.0095,0.2229,0.8697,0.5504,1
435,4,4,0,1,2.1266,0.4148,0.3447,0.5683,0
436,5,5,1,0,2.5506,0.3038,0.5708,0.5267,0
437,6,6,0,0,2.6398,0.4007,0.3787,0.5091,0
438,1,7,1,0,2.7940,0.4900,0.3868,0.3604,1
439,2,8,0,0,2.8664,0.5651,0.2775,0.5148,0
440,3,9,1,1,2.1850,0.5469,0.6564,0.6330,0
441,4,10,0,1,2.4345,0.2634,0.3767,0.5688,0
442,5,11,1,0,2.6497,0.3057,0.3250,0.5249,0
443,6,12,0,0,3.0298,0.3607,0.3737,0.5199,1
444,1,13,1,0,2.9137,0.4826,0.4159,0.4474,0
445,2,14,0,0,2.4224,0.5481,0.2811,0.5703,0
446,3,15,1,1,2.8633,0.5426,0.6814,0.6985,0
447,4,16,0,1,2.4427,0.6862,0.4552,0.5856,0
448,5,17,1,0,2.9159,0.2924,0.5348,0.5238,0
449,6,18,0,0,3.1870,0.3299,0.5037,0.4068,0
450,1,1,1,0,1.9900,0.4730,0.3028,0.5769,0
451,2,2,0,0,2.5953,0.4647,0.3175,0.5442,0
452,3,3,1,1,2.7065,0.5387,0.7950,0.5985,1
453,4,4,0,1,2.7582,0.5795,0.2005,0.6035,0
454,5,5,1,0,3.0516,0.7291,0.3728,0.5307,0
455,6,6,0,0,2.3149,0.3483,0.3332,0.4862,1
456,1,7,1,0,2.5551,0.3222,0.4776,0.5245,0
457,2,8,0,0,2.5261,0.3936,0.3436,0.5909,1
458,3,9,1,1,2.5653,0.4711,0.5481,0.5994,1
459,4,10,0,1,3.1687,0.5215,0.3387,0.4933,1
460,5,11,1,0,2.2314,0.5715,0.4239,0.4907,0
461,6,12,0,0,2.9248,0.6972,0.3724,0.4501,0
462,1,13,1,0,2.5678,0.3560,0.6029,0.5767,1
463,2,14,0,0,2.8922,0.3965,0.2436,0.5668,1
464,3,15,1,1,3.0726,0.4341,0.6565,0.6755,1
465,4,16,0,1,1.9663,0.5071,0.2333,0.5304,1
466,5,17,1,0,2.2522,0.4823,0.4663,0.4846,0
467,6,18,0,0,2.5087,0.5435,0.6426,0.5252,0
468,1,1,1,0,2.8622,0.5773,0.4938,0.4884,1
469,2,2,0,0,2.7147,0.3037,0.4340,0.5045,0
470,3,3,1,1,2.2365,0.3710,0.7354,0.6691,1
471,4,4,0,1,2.5172,0.4021,0.3266,0.6547,0
472,5,5,1,0,2.7121,0.3455,0.4213,0.4635,1
473,6,6,0,0,2.6252,0.5271,0.3817,0.4477,0
474,1,7,1,0,2.9540,0.6191,0.4281,0.5382,1
475,2,8,0,0,2.0531,0.6002,0.3458,0.6089,1
476,3,9,1,1,2.4040,0.2371,0.4871,0.5944,1
477,4,10,0,1,2.6293,0.3520,0.4166,0.6893,1
478,5,11,1,0,3.1259,0.3559,0.6273,0.5273,1
479,6,12,0,0,3.2585,0.5283,0.4623,0.5636,0
480,1,13,1,0,2.4585,0.4979,0.3777,0.5020,1
481,2,14,0,0,2.3237,0.4940,0.3126,0.6457,0
482,3,15,1,1,2.7017,0.6435,0.7298,0.5733,0
483,4,16,0,1,2.8942,0.2315,0.3636,0.5800,0
484,5,17,1,0,3.0127,0.1631,0.4784,0.4550,0
485,6,18,0,0,2.5843,0.4693,0.4185,0.5454,1
486,1,1,1,0,2.3891,0.3554,0.3696,0.6572,0
487,2,2,0,0,2.6533,0.4433,0.3639,0.6639,0
488,3,3,1,1,2.7528,0.5116,0.7974,0.5873,1
489,4,4,0,1,3.0192,0.6793,0.3253,0.6533,0
490,5,5,1,0,2.2851,0.2917,0.4188,0.4903,0
491,6,6,0,0,2.4170,0.3622,0.3640,0.5032,0
492,1,7,1,0,2.3687,0.5649,0.4126,0.5880,0
493,2,8,0,0,2.9781,0.4458,0.2987,0.6148,1
494,3,9,1,1,2.7029,0.4483,0.7515,0.4948,0
495,4,10,0,1,2.2176,0.5271,0.4522,0.5838,0
496,5,11,1,0,2.5213,0.6633,0.3594,0.4424,0
497,6,12,0,0,2.6126,0.2159,0.2977,0.5167,0
498,1,13,1,0,3.0952,0.3317,0.4456,0.4533,0
499,2,14,0,0,3.0971,0.2509,0.4362,0.4720,0
500,3,15,1,1,2.1242,0.3805,0.7253,0.6589,1
501,4,16,0,1,2.5732,0.4935,0.3554,0.5711,0
502,5,17,1,0,2.5884,0.6884,0.5775,0.4797,0
503,6,18,0,0,2.8323,0.6577,0.2615,0.4782,0
504,1,1,1,0,3.1607,0.2727,0.3232,0.6183,0
505,2,2,0,0,1.9357,0.3836,0.2900,0.5384,1
506,3,3,1,1,2.3932,0.3686,0.5966,0.5671,1
507,4,4,0,1,2.3905,0.5045,0.3169,0.6292,0
508,5,5,1,0,2.7126,0.5770,0.4825,0.4804,1
509,6,6,0,0,2.8514,0.7073,0.2799,0.4591,1
510,1,7,1,0,2.2446,0.6449,0.3468,0.5956,1
511,2,8,0,0,2.6106,0.2755,0.4020,0.4850,0
512,3,9,1,1,2.6505,0.3184,0.7960,0.6501,1
513,4,10,0,1,2.6337,0.3585,0.3383,0.5753,0
514,5,11,1,0,2.9789,0.4703,0.3964,0.5244,1
515,6,12,0,0,2.1214,0.5988,0.2871,0.4945,1
516,1,13,1,0,2.3867,0.5824,0.5325,0.4931,1
517,2,14,0,0,2.7829,0.6516,0.3420,0.4888,1
518,3,15,1,1,3.1355,0.1688,0.6130,0.6745,1
519,4,16,0,1,2.8914,0.3183,0.4342,0.5912,0
520,5,17,1,0,2.2852,0.4316,0.5772,0.5555,0
521,6,18,0,0,2.3556,0.4422,0.4476,0.4453,0
522,1,1,1,0,2.7075,0.5848,0.4608,0.5781,0
523,2,2,0,0,2.7328,0.5730,0.4781,0.4521,0
524,3,3,1,1,3.2704,0.5210,0.7052,0.6945,1
525,4,4,0,1,2.3958,0.2522,0.3577,0.5540,0
526,5,5,1,0,2.5345,0.3424,0.4698,0.5575,1
527,6,6,0,0,2.3807,0.4696,0.1586,0.5720,0
528,1,7,1,0,2.6961,0.4638,0.4044,0.5351,0
529,2,8,0,0,2.9081,0.5323,0.2704,0.5214,0
530,3,9,1,1,2.2015,0.7130,0.7963,0.6403,0
531,4,10,0,1,2.4835,0.6706,0.3454,0.5548,0
532,5,11,1,0,2.7976,0.1940,0.4790,0.4155,0
533,6,12,0,0,2.6128,0.3324,0.3589,0.6420,1
534,1,13,1,0,3.0957,0.4289,0.4225,0.4670,0
535,2,14,0,0,2.3787,0.5575,0.3886,0.5292,0
536,3,15,1,1,2.4324,0.5098,0.7313,0.5965,1
537,4,16,0,1,2.6466,0.6200,0.3090,0.7028,0
538,5,17,1,0,2.7707,0.7157,0.4226,0.6243,1
539,6,18,0,0,2.8902,0.3047,0.3339,0.4263,0
540,1,1,1,0,2.4723,0.3286,0.5151,0.4268,0
541,2,2,0,0,2.2342,0.4911,0.3419,0.5487,0
542,3,3,1,1,2.4593,0.4902,0.6531,0.6040,1
543,4,4,0,1,2.6464,0.4472,0.3496,0.5495,0
544,5,5,1,0,2.9492,0.5391,0.5261,0.4674,0
545,6,6,0,0,2.3325,0.6493,0.3892,0.5950,0
546,1,7,1,0,2.4665,0.2363,0.5459,0.6164,0
547,2,8,0,0,2.5942,0.2566,0.3264,0.4266,0
548,3,9,1,1,2.9982,0.3921,0.7778,0.5315,1
549,4,10,0,1,3.1141,0.5654,0.3167,0.4709,0
550,5,11,1,0,2.2920,0.5858,0.5735,0.5215,1
551,6,12,0,0,2.5227,0.4633,0.3093,0.5269,1
552,1,13,1,0,2.5699,0.6543,0.4704,0.3842,0
553,2,14,0,0,2.9333,0.3649,0.3050,0.7028,0
554,3,15,1,1,3.1754,0.3146,0.7069,0.6202,0
555,4,16,0,1,2.5088,0.2510,0.2945,0.5349,1
556,5,17,1,0,2.3978,0.4648,0.4384,0.5287,0
557,6,18,0,0,2.6730,0.5526,0.1459,0.4108,0
558,1,1,1,0,2.9422,0.5743,0.5303,0.5063,0
559,2,2,0,0,2.7351,0.5290,0.3171,0.5384,0
560,3,3,1,1,2.0338,0.2385,0.8248,0.5829,0
561,4,4,0,1,2.8075,0.2957,0.4266,0.6580,0
562,5,5,1,0,2.8347,0.2928,0.5077,0.4196,1
563,6,6,0,0,2.8438,0.4380,0.4193,0.5075,1
564,1,7,1,0,3.1123,0.5203,0.3510,0.4431,1
565,2,8,0,0,2.3059,0.6250,0.3829,0.4890,0
566,3,9,1,1,2.4502,0.5723,0.6736,0.5689,0
567,4,10,0,1,2.5216,0.2958,0.3156,0.6283,0
568,5,11,1,0,2.4978,0.3566,0.5007,0.6240,0
569,6,12,0,0,2.9777,0.3890,0.4287,0.4967,1
570,1,13,1,0,2.0566,0.4914,0.4767,0.5002,0
571,2,14,0,0,2.1339,0.5357,0.1319,0.5407,0
572,3,15,1,1,2.4690,0.5908,0.6631,0.7419,0
573,4,16,0,1,2.8177,0.6457,0.3176,0.7443,0
574,5,17,1,0,2.8846,0.2708,0.5530,0.5406,0
575,6,18,0,0,2.1930,0.2771,0.3332,0.4928,0
576,1,1,1,0,2.1730,0.3371,0.4201,0.5353,0
577,2,2,0,0,2.5583,0.4326,0.3810,0.5221,0
578,3,3,1,1,2.9907,0.5579,0.6145,0.6198,1
579,4,4,0,1,2.7623,0.5793,0.3673,0.6995,0
580,5,5,1,0,2.0132,0.5771,0.5807,0.5041,1
581,6,6,0,0,2.6423,0.2782,0.3635,0.4908,0
582,1,7,1,0,2.7702,0.3567,0.2831,0.6071,1
583,2,8,0,0,2.9861,0.5159,0.2853,0.6318,0
584,3,9,1,1,3.2414,0.3875,0.7938,0.7024,1
585,4,10,0,1,2.0441,0.4675,0.2188,0.5596,0
586,5,11,1,0,2.4342,0.6636,0.3166,0.5400,0
587,6,12,0,0,2.3311,0.5472,0.3145,0.5374,0
588,1,13,1,0,2.7402,0.2613,0.4637,0.4078,0
589,2,14,0,0,3.0532,0.2815,0.2550,0.6100,0
590,3,15,1,1,2.0023,0.4354,0.6822,0.6470,1
591,4,16,0,1,2.2551,0.4691,0.4336,0.5668,1
592,5,17,1,0,2.5329,0.5402,0.3618,0.4250,0
593,6,18,0,0,2.9791,0.5907,0.4839,0.4810,0
594,1,1,1,0,2.9608,0.6088,0.3796,0.5431,1
595,2,2,0,0,2.3220,0.4047,0.4655,0.5287,0
596,3,3,1,1,2.2005,0.2786,0.7657,0.6468,1
597,4,4,0,1,2.6362,0.4503,0.3944,0.5895,0
598,5,5,1,0,2.9040,0.3777,0.5343,0.5384,0
599,6,6,0,0,3.1989,0.5356,0.2866,0.5282,0
600,1,7,1,0,2.2293,0.6454,0.4633,0.4776,1
601,2,8,0,0,2.1799,0.6539,0.3385,0.6102,0
602,3,9,1,1,2.4215,0.3032,0.7149,0.6570,1
603,4,10,0,1,3.0085,0.3081,0.3365,0.6261,1
604,5,11,1,0,2.8314,0.3905,0.5931,0.5417,0
605,6,12,0,0,2.4772,0.3947,0.2943,0.6115,1
606,1,13,1,0,2.3637,0.6090,0.3728,0.4403,0
607,2,14,0,0,2.3914,0.5346,0.2913,0.5159,1
608,3,15,1,1,2.9424,0.5242,0.6854,0.6450,1
609,4,16,0,1,3.0238,0.2352,0.3462,0.5987,1
610,5,17,1,0,1.9488,0.3358,0.3464,0.6719,0
611,6,18,0,0,2.3731,0.3481,0.3186,0.5284,0
612,1,1,1,0,2.5088,0.4130,0.5366,0.4317,0
613,2,2,0,0,2.9524,0.5605,0.2852,0.5699,0
614,3,3,1,1,3.1430,0.5315,0.6343,0.6683,0
615,4,4,0,1,2.3551,0.6936,0.2355,0.5714,0
616,5,5,1,0,2.6864,0.2785,0.5424,0.5739,0
617,6,6,0,0,2.3523,0.3559,0.3343,0.6170,0
618,1,7,1,0,2.9959,0.3868,0.5265,0.4871,1
619,2,8,0,0,3.2288,0.4110,0.2960,0.5568,1
620,3,9,1,1,2.1423,0.5166,0.6952,0.6790,1
621,4,10,0,1,2.3764,0.4860,0.2933,0.6381,1
622,5,11,1,0,2.5889,0.5453,0.4417,0.4781,0
623,6,12,0,0,3.0663,0.2760,0.3977,0.5274,0
624,1,13,1,0,2.9935,0.3078,0.4169,0.4852,0
625,2,14,0,0,2.3861,0.3845,0.3231,0.5095,1
626,3,15,1,1,2.0265,0.4122,0.5231,0.6041,0
627,4,16,0,1,2.4626,0.4493,0.3139,0.5560,0
628,5,17,1,0,2.4411,0.4862,0.5127,0.4970,1
629,6,18,0,0,3.1258,0.5943,0.4386,0.6018,1
630,1,1,1,0,2.2262,0.2018,0.4591,0.4698,0
631,2,2,0,0,2.3122,0.3163,0.3229,0.4280,0
632,3,3,1,1,2.6503,0.4649,0.7146,0.6664,1
633,4,4,0,1,3.0646,0.5079,0.4016,0.6600,1
634,5,5,1,0,2.8979,0.6058,0.4073,0.4603,0
635,6,6,0,0,2.4620,0.5871,0.2660,0.4735,1
636,1,7,1,0,2.5516,0.5064,0.5279,0.4467,0
637,2,8,0,0,2.5629,0.2519,0.4228,0.4241,1
638,3,9,1,1,2.5323,0.3708,0.8283,0.6701,1
639,4,10,0,1,3.2065,0.3733,0.3565,0.5088,1
640,5,11,1,0,2.3181,0.4518,0.5763,0.5274,0
641,6,12,0,0,2.3212,0.5748,0.1785,0.5407,1
642,1,13,1,0,2.7189,0.5524,0.6387,0.5513,1
643,2,14,0,0,3.0447,0.6349,0.2465,0.5443,0
644,3,15,1,1,3.0075,0.4061,0.6326,0.6120,1
645,4,16,0,1,2.0436,0.2842,0.2552,0.6241,0
646,5,17,1,0,2.5737,0.4289,0.5163,0.4969,0
647,6,18,0,0,2.7777,0.4789,0.3886,0.4677,0
648,1,1,1,0,2.7841,0.5485,0.3555,0.4636,1
649,2,2,0,0,2.6364,0.6975,0.4386,0.5926,0
650,3,3,1,1,2.2639,0.7163,0.7412,0.4966,1
651,4,4,0,1,2.3918,0.3486,0.3353,0.5964,1
652,5,5,1,0,2.7127,0.3875,0.4841,0.4710,1
653,6,6,0,0,2.7132,0.3137,0.4057,0.4923,0
654,1,7,1,0,2.8318,0.4158,0.3807,0.4729,0
655,2,8,0,0,2.0474,0.6112,0.2998,0.4344,1
656,3,9,1,1,2.2948,0.4949,0.8314,0.5572,0
657,4,10,0,1,2.7112,0.6501,0.4212,0.6639,1
658,5,11,1,0,2.8561,0.3081,0.4923,0.5756,0
659,6,12,0,0,2.9798,0.3285,0.3587,0.5275,0
660,1,13,1,0,2.2282,0.3877,0.4794,0.5573,0
661,2,14,0,0,2.3720,0.5311,0.3622,0.5322,0
662,3,15,1,1,2.6372,0.5460,0.7571,0.5252,1
663,4,16,0,1,2.8318,0.6373,0.3780,0.6665,0
664,5,17,1,0,3.2039,0.5737,0.4754,0.5304,1
665,6,18,0,0,2.3158,0.2447,0.2357,0.4669,0
666,1,1,1,0,2.4320,0.3380,0.4442,0.5584,0
667,2,2,0,0,3.0052,0.3399,0.3169,0.5213,0
668,3,3,1,1,3.0803,0.3370,0.6371,0.6340,1
669,4,4,0,1,3.1083,0.5160,0.4171,0.5503,0
670,5,5,1,0,2.4466,0.6308,0.4925,0.6497,1
671,6,6,0,0,2.3379,0.5823,0.3295,0.4289,0
672,1,7,1,0,2.9058,0.2895,0.4606,0.5586,1
673,2,8,0,0,2.6224,0.3266,0.4851,0.4396,0
674,3,9,1,1,3.1392,0.3765,0.7390,0.6089,1
675,4,10,0,1,2.4202,0.3888,0.1897,0.5676,0
676,5,11,1,0,2.5760,0.4400,0.5422,0.4449,1
677,6,12,0,0,2.7052,0.5984,0.5170,0.4463,0
678,1,13,1,0,3.0265,0.6261,0.3753,0.6038,0
679,2,14,0,0,2.9432,0.3258,0.4309,0.5666,1
680,3,15,1,1,2.1558,0.2891,0.7535,0.5946,0
681,4,16,0,1,2.3787,0.3616,0.4549,0.6252,0
682,5,17,1,0,2.5055,0.3974,0.4406,0.4812,0
683,6,18,0,0,2.8284,0.4076,0.4952,0.5457,0
684,1,1,1,0,2.9898,0.6086,0.4506,0.5401,1
685,2,2,0,0,2.2239,0.7432,0.4766,0.5515,0
686,3,3,1,1,2.4516,0.2124,0.6585,0.6119,1
687,4,4,0,1,2.5421,0.3099,0.3397,0.5293,0
688,5,5,1,0,2.9326,0.4218,0.3806,0.6206,1
689,6,6,0,0,3.3095,0.4624,0.4645,0.4836,0
690,1,7,1,0,2.1112,0.5197,0.3842,0.5970,0
691,2,8,0,0,2.3959,0.5079,0.2974,0.5275,0
692,3,9,1,1,2.6132,0.5192,0.6814,0.5978,1
693,4,10,0,1,3.0985,0.2356,0.3878,0.6532,0
694,5,11,1,0,2.7976,0.2992,0.3021,0.4716,1
695,6,12,0,0,2.1388,0.4048,0.3139,0.5006,0
696,1,13,1,0,2.5800,0.4457,0.5246,0.4993,0
697,2,14,0,0,2.8235,0.5487,0.2756,0.5272,1
698,3,15,1,1,2.9704,0.5780,0.6938,0.5682,1
699,4,16,0,1,3.1153,0.5564,0.3317,0.6995,0
700,5,17,1,0,2.6195,0.2736,0.3949,0.5294,1
701,6,18,0,0,2.1221,0.1997,0.2585,0.4622,1
702,1,1,1,0,3.0508,0.3206,0.5587,0.4714,1
703,2,2,0,0,2.8964,0.4831,0.2464,0.5276,0
704,3,3,1,1,3.3703,0.5646,0.8827,0.5203,1
705,4,4,0,1,2.5319,0.5837,0.2055,0.6345,0
706,5,5,1,0,2.1140,0.6664,0.4965,0.4480,0
707,6,6,0,0,2.5640,0.1690,0.3586,0.6017,0
708,1,7,1,0,2.5886,0.2010,0.3826,0.5450,0
709,2,8,0,0,2.9093,0.2772,0.3538,0.6129,0
710,3,9,1,1,2.4077,0.4729,0.8037,0.5731,0
711,4,10,0,1,2.4733,0.5804,0.4517,0.4910,0
712,5,11,1,0,2.6448,0.6118,0.4794,0.4515,0
713,6,12,0,0,2.7991,0.6679,0.4039,0.5551,0
714,1,13,1,0,3.0353,0.2154,0.6509,0.4702,0
715,2,14,0,0,1.9622,0.2788,0.3612,0.4854,0
716,3,15,1,1,2.4099,0.3986,0.6223,0.5833,1
717,4,16,0,1,2.4859,0.4255,0.4526,0.6908,0
718,5,17,1,0,2.7439,0.4909,0.3860,0.5357,1
719,6,18,0,0,3.1916,0.6228,0.3324,0.5008,1
720,1,1,1,0,2.2428,0.6600,0.3755,0.5842,1
